resp_id,urban_rural,region,ethnicity,vote
GHA0005,Urban,Central,Akan,New Patriotic Party (NPP)
GHA0007,Urban,Central,Ewe_Ga,National Democratic Congress (NDC)
GHA0014,Rural,Western,Akan,National Democratic Congress (NDC)
GHA0015,Rural,Western,Akan,National Democratic Congress (NDC)
GHA0017,Rural,Ashanti,Akan,New Patriotic Party (NPP)
GHA0018,Rural,Ashanti,Akan,National Democratic Congress (NDC)
GHA0022,Urban,Greater Accra,Akan,National Democratic Congress (NDC)
GHA0024,Rural,Ashanti,Akan,New Patriotic Party (NPP)
GHA0025,Urban,Eastern,Akan,National Democratic Congress (NDC)
GHA0026,Rural,Ashanti,Akan,National Democratic Congress (NDC)
GHA0027,Rural,Ashanti,Akan,New Patriotic Party (NPP)
GHA0030,Urban,Eastern,Akan,New Patriotic Party (NPP)
GHA0031,Rural,Western North,Akan,National Democratic Congress (NDC)
GHA0036,Urban,Central,Akan,New Patriotic Party (NPP)
GHA0043,Rural,Greater Accra,Ewe_Ga,National Democratic Congress (NDC)
GHA0045,Rural,Ashanti,Akan,National Democratic Congress (NDC)
GHA0048,Rural,Greater Accra,Ewe_Ga,National Democratic Congress (NDC)
GHA0050,Urban,Central,Akan,New Patriotic Party (NPP)
GHA0053,Rural,Western,Akan,New Patriotic Party (NPP)
GHA0054,Rural,Western North,Akan,National Democratic Congress (NDC)
GHA0055,Urban,Greater Accra,Ewe_Ga,National Democratic Congress (NDC)
GHA0059,Urban,Eastern,Akan,National Democratic Congress (NDC)
GHA0064,Urban,Central,Akan,New Patriotic Party (NPP)
GHA0068,Rural,Ashanti,Akan,New Patriotic Party (NPP)
GHA0074,Rural,Ashanti,Akan,New Patriotic Party (NPP)
GHA0082,Urban,Eastern,Akan,National Democratic Congress (NDC)
GHA0087,Rural,Western North,Akan,New Patriotic Party (NPP)
GHA0092,Rural,Western,Akan,New Patriotic Party (NPP)
GHA0093,Rural,Western,Akan,National Democratic Congress (NDC)
GHA0104,Rural,Brong-Ahafo,Akan,National Democratic Congress (NDC)
GHA0106,Rural,Western North,Akan,New Patriotic Party (NPP)
GHA0107,Urban,Central,Ewe_Ga,National Democratic Congress (NDC)
GHA0108,Rural,Brong-Ahafo,Akan,National Democratic Congress (NDC)
GHA0110,Rural,Greater Accra,Ewe_Ga,National Democratic Congress (NDC)
GHA0111,Rural,Western North,Akan,New Patriotic Party (NPP)
GHA0113,Rural,Greater Accra,Ewe_Ga,National Democratic Congress (NDC)
GHA0114,Rural,Greater Accra,Ewe_Ga,National Democratic Congress (NDC)
GHA0119,Urban,Greater Accra,Akan,National Democratic Congress (NDC)
GHA0130,Rural,Ashanti,Akan,New Patriotic Party (NPP)
GHA0139,Rural,Ashanti,Akan,New Patriotic Party (NPP)
GHA0140,Rural,Ashanti,Akan,New Patriotic Party (NPP)
GHA0142,Rural,Ashanti,Akan,New Patriotic Party (NPP)
GHA0144,Rural,Brong-Ahafo,Akan,National Democratic Congress (NDC)
GHA0145,Rural,Greater Accra,Ewe_Ga,National Democratic Congress (NDC)
GHA0152,Urban,Greater Accra,Ewe_Ga,New Patriotic Party (NPP)
GHA0157,Rural,Ashanti,Akan,New Patriotic Party (NPP)
GHA0158,Urban,Central,Akan,National Democratic Congress (NDC)
GHA0162,Rural,Ashanti,Akan,New Patriotic Party (NPP)
GHA0166,Rural,Ashanti,Akan,New Patriotic Party (NPP)
GHA0173,Rural,Ashanti,Akan,New Patriotic Party (NPP)
GHA0174,Rural,Ashanti,Akan,New Patriotic Party (NPP)
GHA0187,Rural,Western,Ewe_Ga,National Democratic Congress (NDC)
GHA0191,Urban,Ashanti,Akan,New Patriotic Party (NPP)
GHA0192,Urban,Ashanti,Ewe_Ga,National Democratic Congress (NDC)
GHA0193,Rural,Western North,Akan,New Patriotic Party (NPP)
GHA0194,Rural,Western North,Ewe_Ga,New Patriotic Party (NPP)
GHA0195,Urban,Central,Akan,New Patriotic Party (NPP)
GHA0198,Urban,Central,Akan,National Democratic Congress (NDC)
GHA0200,Urban,Greater Accra,Ewe_Ga,National Democratic Congress (NDC)
GHA0202,Urban,Brong-Ahafo,Akan,New Patriotic Party (NPP)
GHA0208,Urban,Ashanti,Akan,New Patriotic Party (NPP)
GHA0215,Urban,Ashanti,Akan,New Patriotic Party (NPP)
GHA0216,Urban,Central,Akan,New Patriotic Party (NPP)
GHA0219,Urban,Brong-Ahafo,Akan,National Democratic Congress (NDC)
GHA0220,Urban,Brong-Ahafo,Akan,National Democratic Congress (NDC)
GHA0222,Rural,Eastern,Ewe_Ga,National Democratic Congress (NDC)
GHA0224,Urban,Greater Accra,Ewe_Ga,National Democratic Congress (NDC)
GHA0225,Urban,Ashanti,Akan,New Patriotic Party (NPP)
GHA0226,Urban,Ashanti,Akan,New Patriotic Party (NPP)
GHA0229,Urban,Ashanti,Akan,New Patriotic Party (NPP)
GHA0231,Urban,Central,Akan,New Patriotic Party (NPP)
GHA0233,Urban,Greater Accra,Ewe_Ga,National Democratic Congress (NDC)
GHA0234,Urban,Greater Accra,Ewe_Ga,National Democratic Congress (NDC)
GHA0237,Urban,Brong-Ahafo,Akan,New Patriotic Party (NPP)
GHA0238,Rural,Greater Accra,Ewe_Ga,National Democratic Congress (NDC)
GHA0241,Urban,Central,Akan,New Patriotic Party (NPP)
GHA0246,Urban,Ashanti,Akan,New Patriotic Party (NPP)
GHA0249,Rural,Eastern,Ewe_Ga,National Democratic Congress (NDC)
GHA0254,Rural,Western North,Akan,National Democratic Congress (NDC)
GHA0256,Rural,Eastern,Ewe_Ga,National Democratic Congress (NDC)
GHA0258,Urban,Central,Akan,New Patriotic Party (NPP)
GHA0261,Rural,Greater Accra,Ewe_Ga,National Democratic Congress (NDC)
GHA0264,Rural,Western,Akan,National Democratic Congress (NDC)
GHA0266,Rural,Greater Accra,Ewe_Ga,National Democratic Congress (NDC)
GHA0269,Rural,Western,Akan,National Democratic Congress (NDC)
GHA0273,Urban,Ashanti,Akan,New Patriotic Party (NPP)
GHA0283,Rural,Western,Akan,New Patriotic Party (NPP)
GHA0289,Rural,Brong-Ahafo,Ewe_Ga,National Democratic Congress (NDC)
GHA0292,Rural,Brong-Ahafo,Ewe_Ga,National Democratic Congress (NDC)
GHA0296,Urban,Greater Accra,Ewe_Ga,National Democratic Congress (NDC)
GHA0302,Rural,Western North,Akan,National Democratic Congress (NDC)
GHA0305,Urban,Ashanti,Akan,National Democratic Congress (NDC)
GHA0307,Urban,Ashanti,Akan,New Patriotic Party (NPP)
GHA0313,Rural,Western,Akan,New Patriotic Party (NPP)
GHA0317,Urban,Greater Accra,Ewe_Ga,National Democratic Congress (NDC)
GHA0319,Urban,Ashanti,Akan,New Patriotic Party (NPP)
GHA0320,Urban,Brong-Ahafo,Akan,New Patriotic Party (NPP)
GHA0321,Urban,Ashanti,Akan,New Patriotic Party (NPP)
GHA0323,Urban,Ashanti,Akan,New Patriotic Party (NPP)
GHA0324,Urban,Ashanti,Akan,New Patriotic Party (NPP)
GHA0326,Rural,Brong-Ahafo,Ewe_Ga,National Democratic Congress (NDC)
GHA0331,Rural,Central,Akan,New Patriotic Party (NPP)
GHA0332,Rural,Central,Akan,National Democratic Congress (NDC)
GHA0337,Urban,Greater Accra,Akan,National Democratic Congress (NDC)
GHA0339,Rural,Eastern,Ewe_Ga,National Democratic Congress (NDC)
GHA0343,Rural,Eastern,Ewe_Ga,National Democratic Congress (NDC)
GHA0349,Urban,Ashanti,Akan,National Democratic Congress (NDC)
GHA0350,Urban,Ashanti,Akan,National Democratic Congress (NDC)
GHA0351,Rural,Central,Akan,New Patriotic Party (NPP)
GHA0353,Urban,Brong-Ahafo,Akan,New Patriotic Party (NPP)
GHA0360,Rural,Eastern,Ewe_Ga,National Democratic Congress (NDC)
GHA0361,Rural,Eastern,Ewe_Ga,National Democratic Congress (NDC)
GHA0365,Rural,Brong-Ahafo,Ewe_Ga,National Democratic Congress (NDC)
GHA0367,Urban,Brong-Ahafo,Akan,New Patriotic Party (NPP)
GHA0375,Urban,Greater Accra,Ewe_Ga,National Democratic Congress (NDC)
GHA0379,Rural,Central,Akan,New Patriotic Party (NPP)
GHA0382,Rural,Ashanti,Akan,New Patriotic Party (NPP)
GHA0385,Rural,Ashanti,Akan,New Patriotic Party (NPP)
GHA0386,Rural,Ashanti,Akan,New Patriotic Party (NPP)
GHA0387,Rural,Central,Akan,New Patriotic Party (NPP)
GHA0388,Rural,Central,Akan,National Democratic Congress (NDC)
GHA0390,Rural,Central,Ewe_Ga,National Democratic Congress (NDC)
GHA0392,Rural,Ashanti,Akan,New Patriotic Party (NPP)
GHA0393,Rural,Ashanti,Akan,New Patriotic Party (NPP)
GHA0394,Urban,Western North,Ewe_Ga,National Democratic Congress (NDC)
GHA0395,Rural,Ashanti,Akan,New Patriotic Party (NPP)
GHA0399,Urban,Western North,Akan,National Democratic Congress (NDC)
GHA0400,Urban,Western,Akan,New Patriotic Party (NPP)
GHA0401,Rural,Ashanti,Ewe_Ga,New Patriotic Party (NPP)
GHA0407,Rural,Ashanti,Akan,National Democratic Congress (NDC)
GHA0409,Rural,Ashanti,Akan,New Patriotic Party (NPP)
GHA0410,Urban,Western,Akan,New Patriotic Party (NPP)
GHA0425,Rural,Central,Akan,New Patriotic Party (NPP)
GHA0429,Urban,Greater Accra,Akan,National Democratic Congress (NDC)
GHA0435,Rural,Ashanti,Akan,National Democratic Congress (NDC)
GHA0436,Urban,Western North,Akan,New Patriotic Party (NPP)
GHA0438,Rural,Central,Akan,National Democratic Congress (NDC)
GHA0440,Urban,Greater Accra,Akan,National Democratic Congress (NDC)
GHA0446,Urban,Greater Accra,Akan,New Patriotic Party (NPP)
GHA0449,Urban,Western,Akan,New Patriotic Party (NPP)
GHA0453,Rural,Eastern,Akan,New Patriotic Party (NPP)
GHA0454,Urban,Greater Accra,Akan,New Patriotic Party (NPP)
GHA0456,Rural,Eastern,Akan,New Patriotic Party (NPP)
GHA0475,Rural,Eastern,Akan,New Patriotic Party (NPP)
GHA0476,Rural,Eastern,Akan,New Patriotic Party (NPP)
GHA0485,Rural,Ashanti,Akan,New Patriotic Party (NPP)
GHA0487,Rural,Ashanti,Akan,New Patriotic Party (NPP)
GHA0496,Rural,Central,Akan,National Democratic Congress (NDC)
GHA0497,Rural,Ashanti,Akan,New Patriotic Party (NPP)
GHA0498,Rural,Ashanti,Akan,New Patriotic Party (NPP)
GHA0501,Rural,Ashanti,Ewe_Ga,National Democratic Congress (NDC)
GHA0503,Rural,Ashanti,Akan,New Patriotic Party (NPP)
GHA0505,Rural,Central,Akan,New Patriotic Party (NPP)
GHA0506,Rural,Ashanti,Akan,New Patriotic Party (NPP)
GHA0513,Rural,Ashanti,Akan,New Patriotic Party (NPP)
GHA0515,Urban,Greater Accra,Akan,New Patriotic Party (NPP)
GHA0517,Urban,Western North,Akan,New Patriotic Party (NPP)
GHA0518,Urban,Western North,Akan,New Patriotic Party (NPP)
GHA0519,Urban,Western,Akan,New Patriotic Party (NPP)
GHA0522,Rural,Eastern,Akan,New Patriotic Party (NPP)
GHA0524,Rural,Eastern,Akan,National Democratic Congress (NDC)
GHA0526,Rural,Eastern,Akan,New Patriotic Party (NPP)
GHA0527,Urban,Western North,Akan,New Patriotic Party (NPP)
GHA0528,Rural,Central,Akan,New Patriotic Party (NPP)
GHA0530,Rural,Brong-Ahafo,Akan,New Patriotic Party (NPP)
GHA0532,Rural,Ashanti,Akan,New Patriotic Party (NPP)
GHA0533,Rural,Brong-Ahafo,Akan,New Patriotic Party (NPP)
GHA0536,Rural,Ashanti,Akan,New Patriotic Party (NPP)
GHA0537,Rural,Ashanti,Akan,New Patriotic Party (NPP)
GHA0547,Rural,Eastern,Akan,New Patriotic Party (NPP)
GHA0551,Urban,Ashanti,Akan,New Patriotic Party (NPP)
GHA0553,Urban,Greater Accra,Ewe_Ga,National Democratic Congress (NDC)
GHA0555,Rural,Eastern,Akan,National Democratic Congress (NDC)
GHA0556,Rural,Eastern,Akan,National Democratic Congress (NDC)
GHA0557,Rural,Central,Akan,New Patriotic Party (NPP)
GHA0560,Urban,Greater Accra,Akan,New Patriotic Party (NPP)
GHA0561,Rural,Brong-Ahafo,Ewe_Ga,New Patriotic Party (NPP)
GHA0563,Rural,Central,Akan,New Patriotic Party (NPP)
GHA0571,Urban,Greater Accra,Ewe_Ga,National Democratic Congress (NDC)
GHA0578,Rural,Brong-Ahafo,Akan,National Democratic Congress (NDC)
GHA0579,Urban,Western North,Akan,National Democratic Congress (NDC)
GHA0583,Urban,Ashanti,Akan,New Patriotic Party (NPP)
GHA0586,Urban,Ashanti,Akan,New Patriotic Party (NPP)
GHA0588,Urban,Western,Akan,National Democratic Congress (NDC)
GHA0591,Rural,Central,Akan,National Democratic Congress (NDC)
GHA0594,Rural,Central,Akan,National Democratic Congress (NDC)
GHA0603,Urban,Ashanti,Akan,New Patriotic Party (NPP)
GHA0608,Urban,Brong-Ahafo,Akan,National Democratic Congress (NDC)
GHA0610,Urban,Western North,Akan,New Patriotic Party (NPP)
GHA0614,Rural,Central,Ewe_Ga,National Democratic Congress (NDC)
GHA0615,Rural,Central,Akan,New Patriotic Party (NPP)
GHA0617,Rural,Central,Akan,New Patriotic Party (NPP)
GHA0621,Urban,Western,Akan,New Patriotic Party (NPP)
GHA0624,Urban,Western North,Akan,National Democratic Congress (NDC)
GHA0627,Urban,Greater Accra,Akan,New Patriotic Party (NPP)
GHA0631,Urban,Greater Accra,Ewe_Ga,National Democratic Congress (NDC)
GHA0633,Urban,Greater Accra,Akan,New Patriotic Party (NPP)
GHA0638,Urban,Greater Accra,Ewe_Ga,National Democratic Congress (NDC)
GHA0639,Urban,Greater Accra,Ewe_Ga,National Democratic Congress (NDC)
GHA0642,Urban,Greater Accra,Akan,New Patriotic Party (NPP)
GHA0644,Rural,Brong-Ahafo,Akan,National Democratic Congress (NDC)
GHA0647,Rural,Central,Akan,National Democratic Congress (NDC)
GHA0649,Urban,Western North,Akan,New Patriotic Party (NPP)
GHA0652,Rural,Ashanti,Akan,National Democratic Congress (NDC)
GHA0653,Rural,Ashanti,Akan,National Democratic Congress (NDC)
GHA0660,Urban,Brong-Ahafo,Akan,New Patriotic Party (NPP)
GHA0663,Urban,Greater Accra,Akan,New Patriotic Party (NPP)
GHA0665,Urban,Greater Accra,Akan,New Patriotic Party (NPP)
GHA0666,Urban,Eastern,Akan,New Patriotic Party (NPP)
GHA0670,Urban,Eastern,Akan,New Patriotic Party (NPP)
GHA0671,Urban,Western,Ewe_Ga,National Democratic Congress (NDC)
GHA0672,Urban,Ashanti,Akan,New Patriotic Party (NPP)
GHA0678,Urban,Ashanti,Akan,New Patriotic Party (NPP)
GHA0682,Urban,Ashanti,Akan,New Patriotic Party (NPP)
GHA0683,Urban,Western,Ewe_Ga,National Democratic Congress (NDC)
GHA0685,Urban,Western North,Akan,National Democratic Congress (NDC)
GHA0691,Rural,Ashanti,Akan,National Democratic Congress (NDC)
GHA0698,Rural,Ashanti,Akan,National Democratic Congress (NDC)
GHA0714,Urban,Eastern,Akan,New Patriotic Party (NPP)
GHA0727,Rural,Central,Akan,New Patriotic Party (NPP)
GHA0733,Urban,Eastern,Akan,New Patriotic Party (NPP)
GHA0736,Urban,Greater Accra,Ewe_Ga,National Democratic Congress (NDC)
GHA0737,Rural,Central,Akan,National Democratic Congress (NDC)
GHA0746,Urban,Eastern,Ewe_Ga,National Democratic Congress (NDC)
GHA0747,Urban,Ashanti,Akan,National Democratic Congress (NDC)
GHA0753,Urban,Ashanti,Akan,New Patriotic Party (NPP)
GHA0754,Urban,Ashanti,Akan,New Patriotic Party (NPP)
GHA0755,Rural,Brong-Ahafo,Akan,New Patriotic Party (NPP)
GHA0763,Urban,Greater Accra,Akan,National Democratic Congress (NDC)
GHA0767,Rural,Ashanti,Akan,New Patriotic Party (NPP)
GHA0769,Rural,Ashanti,Akan,New Patriotic Party (NPP)
GHA0772,Rural,Ashanti,Akan,New Patriotic Party (NPP)
GHA0776,Urban,Greater Accra,Akan,New Patriotic Party (NPP)
GHA0778,Urban,Greater Accra,Ewe_Ga,New Patriotic Party (NPP)
GHA0789,Rural,Ashanti,Akan,New Patriotic Party (NPP)
GHA0795,Rural,Central,Akan,New Patriotic Party (NPP)
GHA0796,Rural,Central,Akan,National Democratic Congress (NDC)
GHA0798,Rural,Central,Akan,New Patriotic Party (NPP)
GHA0799,Urban,Greater Accra,Ewe_Ga,National Democratic Congress (NDC)
GHA0801,Rural,Central,Akan,New Patriotic Party (NPP)
GHA0803,Rural,Central,Akan,New Patriotic Party (NPP)
GHA0804,Rural,Western,Akan,New Patriotic Party (NPP)
GHA0805,Rural,Western,Akan,National Democratic Congress (NDC)
GHA0806,Rural,Western,Akan,National Democratic Congress (NDC)
GHA0815,Urban,Ashanti,Akan,New Patriotic Party (NPP)
GHA0819,Rural,Western,Akan,New Patriotic Party (NPP)
GHA0821,Rural,Western,Akan,New Patriotic Party (NPP)
GHA0828,Urban,Central,Akan,New Patriotic Party (NPP)
GHA0832,Rural,Ashanti,Akan,New Patriotic Party (NPP)
GHA0834,Urban,Central,Akan,National Democratic Congress (NDC)
GHA0837,Urban,Central,Akan,New Patriotic Party (NPP)
GHA0838,Urban,Central,Akan,New Patriotic Party (NPP)
GHA0839,Rural,Ashanti,Akan,National Democratic Congress (NDC)
GHA0840,Urban,Ashanti,Akan,National Democratic Congress (NDC)
GHA0841,Urban,Ashanti,Akan,New Patriotic Party (NPP)
GHA0842,Urban,Ashanti,Akan,New Patriotic Party (NPP)
GHA0843,Urban,Ashanti,Akan,New Patriotic Party (NPP)
GHA0850,Rural,Western,Akan,New Patriotic Party (NPP)
GHA0853,Rural,Western,Akan,National Democratic Congress (NDC)
GHA0856,Urban,Brong-Ahafo,Akan,New Patriotic Party (NPP)
GHA0857,Rural,Western North,Akan,National Democratic Congress (NDC)
GHA0862,Urban,Eastern,Akan,New Patriotic Party (NPP)
GHA0866,Urban,Central,Akan,National Democratic Congress (NDC)
GHA0867,Urban,Central,Akan,National Democratic Congress (NDC)
GHA0871,Urban,Eastern,Akan,New Patriotic Party (NPP)
GHA0873,Rural,Ashanti,Akan,National Democratic Congress (NDC)
GHA0879,Urban,Greater Accra,Ewe_Ga,National Democratic Congress (NDC)
GHA0880,Urban,Greater Accra,Akan,New Patriotic Party (NPP)
GHA0883,Urban,Greater Accra,Akan,New Patriotic Party (NPP)
GHA0885,Urban,Brong-Ahafo,Akan,New Patriotic Party (NPP)
GHA0888,Urban,Central,Akan,New Patriotic Party (NPP)
GHA0894,Rural,Ashanti,Akan,New Patriotic Party (NPP)
GHA0903,Urban,Eastern,Akan,National Democratic Congress (NDC)
GHA0906,Urban,Greater Accra,Akan,New Patriotic Party (NPP)
GHA0907,Urban,Ashanti,Akan,New Patriotic Party (NPP)
GHA0913,Urban,Ashanti,Akan,New Patriotic Party (NPP)
GHA0920,Rural,Western North,Ewe_Ga,National Democratic Congress (NDC)
GHA0927,Urban,Brong-Ahafo,Akan,New Patriotic Party (NPP)
GHA0931,Urban,Ashanti,Akan,New Patriotic Party (NPP)
GHA0942,Rural,Ashanti,Akan,New Patriotic Party (NPP)
GHA0945,Rural,Ashanti,Akan,National Democratic Congress (NDC)
GHA0951,Urban,Greater Accra,Akan,National Democratic Congress (NDC)
GHA0954,Urban,Ashanti,Akan,National Democratic Congress (NDC)
GHA0955,Urban,Western,Akan,New Patriotic Party (NPP)
GHA0957,Urban,Western,Akan,New Patriotic Party (NPP)
GHA0958,Rural,Brong-Ahafo,Akan,National Democratic Congress (NDC)
GHA0962,Urban,Central,Akan,National Democratic Congress (NDC)
GHA0964,Rural,Brong-Ahafo,Akan,New Patriotic Party (NPP)
GHA0965,Urban,Western,Akan,New Patriotic Party (NPP)
GHA0968,Urban,Central,Akan,National Democratic Congress (NDC)
GHA0980,Urban,Eastern,Akan,National Democratic Congress (NDC)
GHA0984,Urban,Greater Accra,Ewe_Ga,National Democratic Congress (NDC)
GHA0986,Urban,Greater Accra,Akan,New Patriotic Party (NPP)
GHA0987,Rural,Brong-Ahafo,Akan,National Democratic Congress (NDC)
GHA0989,Urban,Western,Akan,National Democratic Congress (NDC)
GHA0991,Rural,Brong-Ahafo,Akan,New Patriotic Party (NPP)
GHA0994,Urban,Western,Akan,New Patriotic Party (NPP)
GHA0995,Urban,Brong-Ahafo,Akan,New Patriotic Party (NPP)
GHA0996,Rural,Ashanti,Ewe_Ga,National Democratic Congress (NDC)
GHA0998,Urban,Central,Akan,National Democratic Congress (NDC)
GHA1000,Urban,Greater Accra,Ewe_Ga,National Democratic Congress (NDC)
GHA1006,Urban,Central,Akan,National Democratic Congress (NDC)
GHA1007,Urban,Greater Accra,Akan,New Patriotic Party (NPP)
GHA1012,Urban,Western,Akan,National Democratic Congress (NDC)
GHA1013,Rural,Brong-Ahafo,Akan,National Democratic Congress (NDC)
GHA1019,Urban,Greater Accra,Akan,National Democratic Congress (NDC)
GHA1021,Urban,Greater Accra,Ewe_Ga,National Democratic Congress (NDC)
GHA1031,Rural,Brong-Ahafo,Akan,New Patriotic Party (NPP)
GHA1038,Rural,Western,Akan,New Patriotic Party (NPP)
GHA1041,Rural,Eastern,Akan,New Patriotic Party (NPP)
GHA1042,Rural,Eastern,Akan,National Democratic Congress (NDC)
GHA1046,Rural,Western North,Akan,National Democratic Congress (NDC)
GHA1048,Urban,Greater Accra,Akan,National Democratic Congress (NDC)
GHA1055,Urban,Ashanti,Akan,New Patriotic Party (NPP)
GHA1056,Urban,Brong-Ahafo,Akan,New Patriotic Party (NPP)
GHA1057,Urban,Greater Accra,Akan,New Patriotic Party (NPP)
GHA1058,Urban,Ashanti,Akan,New Patriotic Party (NPP)
GHA1060,Urban,Brong-Ahafo,Akan,New Patriotic Party (NPP)
GHA1063,Urban,Greater Accra,Ewe_Ga,National Democratic Congress (NDC)
GHA1070,Rural,Eastern,Akan,National Democratic Congress (NDC)
GHA1073,Rural,Central,Akan,New Patriotic Party (NPP)
GHA1074,Rural,Central,Akan,National Democratic Congress (NDC)
GHA1076,Rural,Brong-Ahafo,Akan,National Democratic Congress (NDC)
GHA1083,Rural,Eastern,Ewe_Ga,National Democratic Congress (NDC)
GHA1084,Urban,Greater Accra,Akan,National Democratic Congress (NDC)
GHA1085,Rural,Central,Akan,National Democratic Congress (NDC)
GHA1086,Urban,Greater Accra,Akan,National Democratic Congress (NDC)
GHA1087,Urban,Ashanti,Akan,New Patriotic Party (NPP)
GHA1088,Urban,Ashanti,Akan,New Patriotic Party (NPP)
GHA1092,Urban,Brong-Ahafo,Akan,New Patriotic Party (NPP)
GHA1095,Urban,Ashanti,Akan,New Patriotic Party (NPP)
GHA1096,Urban,Greater Accra,Akan,National Democratic Congress (NDC)
GHA1099,Urban,Greater Accra,Ewe_Ga,National Democratic Congress (NDC)
GHA1105,Rural,Ashanti,Ewe_Ga,National Democratic Congress (NDC)
GHA1106,Rural,Central,Akan,New Patriotic Party (NPP)
GHA1110,Rural,Ashanti,Ewe_Ga,New Patriotic Party (NPP)
GHA1111,Urban,Ashanti,Akan,National Democratic Congress (NDC)
GHA1113,Rural,Central,Akan,National Democratic Congress (NDC)
GHA1117,Rural,Central,Akan,New Patriotic Party (NPP)
GHA1118,Urban,Brong-Ahafo,Akan,New Patriotic Party (NPP)
GHA1123,Rural,Ashanti,Ewe_Ga,National Democratic Congress (NDC)
GHA1128,Urban,Western,Akan,New Patriotic Party (NPP)
GHA1129,Urban,Western,Akan,New Patriotic Party (NPP)
GHA1132,Rural,Ashanti,Akan,National Democratic Congress (NDC)
GHA1134,Rural,Ashanti,Akan,New Patriotic Party (NPP)
GHA1136,Urban,Greater Accra,Akan,National Democratic Congress (NDC)
GHA1137,Urban,Greater Accra,Ewe_Ga,National Democratic Congress (NDC)
GHA1138,Rural,Ashanti,Ewe_Ga,National Democratic Congress (NDC)
GHA1150,Urban,Western,Akan,National Democratic Congress (NDC)
GHA1157,Rural,Central,Akan,New Patriotic Party (NPP)
GHA1160,Rural,Central,Akan,National Democratic Congress (NDC)
GHA1166,Urban,Western,Akan,National Democratic Congress (NDC)
GHA1167,Urban,Brong-Ahafo,Akan,National Democratic Congress (NDC)
GHA1171,Urban,Greater Accra,Akan,New Patriotic Party (NPP)
GHA1177,Rural,Central,Akan,New Patriotic Party (NPP)
GHA1179,Rural,Brong-Ahafo,Akan,New Patriotic Party (NPP)
GHA1182,Rural,Central,Akan,New Patriotic Party (NPP)
GHA1184,Rural,Central,Akan,National Democratic Congress (NDC)
GHA1187,Urban,Ashanti,Akan,New Patriotic Party (NPP)
GHA1188,Urban,Ashanti,Akan,New Patriotic Party (NPP)
GHA1189,Urban,Brong-Ahafo,Akan,National Democratic Congress (NDC)
GHA1190,Urban,Greater Accra,Ewe_Ga,National Democratic Congress (NDC)
GHA1192,Rural,Central,Akan,New Patriotic Party (NPP)
GHA1201,Rural,Eastern,Ewe_Ga,National Democratic Congress (NDC)
GHA1204,Rural,Eastern,Ewe_Ga,National Democratic Congress (NDC)
GHA1207,Urban,Ashanti,Akan,New Patriotic Party (NPP)
GHA1230,Urban,Central,Akan,New Patriotic Party (NPP)
GHA1231,Rural,Brong-Ahafo,Akan,National Democratic Congress (NDC)
GHA1232,Urban,Central,Akan,New Patriotic Party (NPP)
GHA1233,Urban,Central,Ewe_Ga,New Patriotic Party (NPP)
GHA1234,Urban,Central,Akan,National Democratic Congress (NDC)
GHA1235,Urban,Greater Accra,Akan,New Patriotic Party (NPP)
GHA1236,Rural,Brong-Ahafo,Akan,New Patriotic Party (NPP)
GHA1237,Urban,Greater Accra,Akan,New Patriotic Party (NPP)
GHA1239,Urban,Ashanti,Akan,New Patriotic Party (NPP)
GHA1244,Rural,Eastern,Akan,New Patriotic Party (NPP)
GHA1246,Urban,Greater Accra,Ewe_Ga,National Democratic Congress (NDC)
GHA1255,Rural,Eastern,Akan,National Democratic Congress (NDC)
GHA1259,Rural,Brong-Ahafo,Akan,National Democratic Congress (NDC)
GHA1260,Rural,Brong-Ahafo,Akan,New Patriotic Party (NPP)
GHA1261,Urban,Central,Akan,New Patriotic Party (NPP)
GHA1266,Urban,Greater Accra,Akan,New Patriotic Party (NPP)
GHA1269,Urban,Brong-Ahafo,Akan,New Patriotic Party (NPP)
GHA1270,Urban,Central,Akan,National Democratic Congress (NDC)
GHA1272,Rural,Eastern,Akan,New Patriotic Party (NPP)
GHA1273,Urban,Greater Accra,Akan,New Patriotic Party (NPP)
GHA1275,Rural,Eastern,Akan,New Patriotic Party (NPP)
GHA1279,Rural,Eastern,Akan,New Patriotic Party (NPP)
GHA1289,Urban,Greater Accra,Akan,New Patriotic Party (NPP)
GHA1291,Rural,Western North,Ewe_Ga,National Democratic Congress (NDC)
GHA1293,Urban,Brong-Ahafo,Akan,New Patriotic Party (NPP)
GHA1294,Rural,Ashanti,Akan,New Patriotic Party (NPP)
GHA1300,Rural,Ashanti,Akan,New Patriotic Party (NPP)
GHA1303,Rural,Ashanti,Akan,National Democratic Congress (NDC)
GHA1308,Rural,Western,Akan,National Democratic Congress (NDC)
GHA1310,Urban,Brong-Ahafo,Akan,New Patriotic Party (NPP)
GHA1312,Rural,Western North,Ewe_Ga,National Democratic Congress (NDC)
GHA1317,Rural,Ashanti,Akan,New Patriotic Party (NPP)
GHA1320,Rural,Western North,Akan,New Patriotic Party (NPP)
GHA1325,Rural,Western,Akan,National Democratic Congress (NDC)
GHA1330,Urban,Eastern,Ewe_Ga,New Patriotic Party (NPP)
GHA1332,Rural,Central,Akan,National Democratic Congress (NDC)
GHA1334,Urban,Eastern,Akan,New Patriotic Party (NPP)
GHA1335,Urban,Eastern,Akan,New Patriotic Party (NPP)
GHA1339,Rural,Central,Akan,New Patriotic Party (NPP)
GHA1348,Rural,Ashanti,Akan,New Patriotic Party (NPP)
GHA1349,Rural,Ashanti,Akan,New Patriotic Party (NPP)
GHA1350,Rural,Ashanti,Akan,National Democratic Congress (NDC)
GHA1352,Urban,Eastern,Ewe_Ga,National Democratic Congress (NDC)
GHA1353,Rural,Ashanti,Akan,New Patriotic Party (NPP)
GHA1354,Urban,Greater Accra,Akan,New Patriotic Party (NPP)
GHA1362,Rural,Central,Akan,New Patriotic Party (NPP)
GHA1364,Urban,Greater Accra,Akan,National Democratic Congress (NDC)
GHA1367,Urban,Greater Accra,Akan,New Patriotic Party (NPP)
GHA1369,Rural,Ashanti,Akan,New Patriotic Party (NPP)
GHA1372,Rural,Ashanti,Akan,New Patriotic Party (NPP)
GHA1375,Rural,Ashanti,Akan,New Patriotic Party (NPP)
GHA1377,Urban,Ashanti,Akan,New Patriotic Party (NPP)
GHA1380,Rural,Central,Akan,National Democratic Congress (NDC)
GHA1381,Urban,Brong-Ahafo,Akan,National Democratic Congress (NDC)
GHA1388,Urban,Ashanti,Akan,New Patriotic Party (NPP)
GHA1393,Urban,Ashanti,Akan,New Patriotic Party (NPP)
GHA1394,Urban,Ashanti,Akan,New Patriotic Party (NPP)
GHA1398,Urban,Brong-Ahafo,Akan,New Patriotic Party (NPP)
GHA1407,Urban,Central,Akan,New Patriotic Party (NPP)
GHA1408,Urban,Central,Akan,New Patriotic Party (NPP)
GHA1409,Urban,Central,Akan,National Democratic Congress (NDC)
GHA1415,Urban,Central,Akan,New Patriotic Party (NPP)
GHA1416,Urban,Ashanti,Akan,New Patriotic Party (NPP)
GHA1417,Urban,Ashanti,Akan,New Patriotic Party (NPP)
GHA1418,Urban,Ashanti,Akan,National Democratic Congress (NDC)
GHA1423,Urban,Central,Akan,New Patriotic Party (NPP)
GHA1424,Urban,Central,Akan,National Democratic Congress (NDC)
GHA1425,Urban,Ashanti,Akan,New Patriotic Party (NPP)
GHA1427,Urban,Central,Akan,National Democratic Congress (NDC)
GHA1428,Urban,Greater Accra,Ewe_Ga,New Patriotic Party (NPP)
GHA1434,Urban,Greater Accra,Ewe_Ga,New Patriotic Party (NPP)
GHA1436,Rural,Western,Ewe_Ga,National Democratic Congress (NDC)
GHA1452,Rural,Eastern,Ewe_Ga,National Democratic Congress (NDC)
GHA1454,Urban,Ashanti,Akan,New Patriotic Party (NPP)
GHA1455,Rural,Eastern,Ewe_Ga,New Patriotic Party (NPP)
GHA1470,Urban,Ashanti,Akan,New Patriotic Party (NPP)
GHA1475,Urban,Greater Accra,Ewe_Ga,National Democratic Congress (NDC)
GHA1479,Rural,Western,Ewe_Ga,New Patriotic Party (NPP)
GHA1480,Urban,Greater Accra,Akan,New Patriotic Party (NPP)
GHA1482,Urban,Greater Accra,Ewe_Ga,National Democratic Congress (NDC)
GHA1483,Urban,Greater Accra,Ewe_Ga,New Patriotic Party (NPP)
GHA1486,Urban,Central,Akan,New Patriotic Party (NPP)
GHA1490,Rural,Brong-Ahafo,Akan,National Democratic Congress (NDC)
GHA1500,Rural,Eastern,Akan,National Democratic Congress (NDC)
GHA1501,Rural,Eastern,Akan,New Patriotic Party (NPP)
GHA1503,Rural,Eastern,Akan,New Patriotic Party (NPP)
GHA1504,Rural,Brong-Ahafo,Ewe_Ga,National Democratic Congress (NDC)
GHA1515,Rural,Brong-Ahafo,Akan,National Democratic Congress (NDC)
GHA1516,Rural,Western North,Akan,National Democratic Congress (NDC)
GHA1529,Rural,Ashanti,Akan,New Patriotic Party (NPP)
GHA1533,Urban,Ashanti,Akan,National Democratic Congress (NDC)
GHA1535,Urban,Greater Accra,Ewe_Ga,National Democratic Congress (NDC)
GHA1536,Urban,Greater Accra,Ewe_Ga,National Democratic Congress (NDC)
GHA1549,Rural,Ashanti,Akan,National Democratic Congress (NDC)
GHA1551,Rural,Ashanti,Akan,New Patriotic Party (NPP)
GHA1556,Rural,Ashanti,Akan,New Patriotic Party (NPP)
GHA1559,Urban,Greater Accra,Ewe_Ga,National Democratic Congress (NDC)
GHA1566,Rural,Ashanti,Akan,National Democratic Congress (NDC)
GHA1567,Urban,Ashanti,Akan,New Patriotic Party (NPP)
GHA1574,Urban,Greater Accra,Ewe_Ga,New Patriotic Party (NPP)
GHA1577,Urban,Eastern,Ewe_Ga,New Patriotic Party (NPP)
GHA1583,Urban,Eastern,Ewe_Ga,New Patriotic Party (NPP)
GHA1588,Urban,Brong-Ahafo,Akan,New Patriotic Party (NPP)
GHA1593,Rural,Central,Akan,National Democratic Congress (NDC)
GHA1594,Urban,Ashanti,Akan,New Patriotic Party (NPP)
GHA1596,Rural,Brong-Ahafo,Akan,New Patriotic Party (NPP)
GHA1598,Rural,Brong-Ahafo,Akan,New Patriotic Party (NPP)
GHA1602,Urban,Eastern,Ewe_Ga,National Democratic Congress (NDC)
GHA1603,Rural,Central,Ewe_Ga,National Democratic Congress (NDC)
GHA1604,Urban,Eastern,Akan,National Democratic Congress (NDC)
GHA1605,Rural,Brong-Ahafo,Akan,New Patriotic Party (NPP)
GHA1609,Rural,Central,Akan,National Democratic Congress (NDC)
GHA1616,Rural,Brong-Ahafo,Akan,New Patriotic Party (NPP)
GHA1618,Urban,Ashanti,Akan,New Patriotic Party (NPP)
GHA1621,Urban,Ashanti,Akan,New Patriotic Party (NPP)
GHA1622,Rural,Central,Akan,National Democratic Congress (NDC)
GHA1641,Urban,Ashanti,Akan,New Patriotic Party (NPP)
GHA1642,Urban,Ashanti,Akan,New Patriotic Party (NPP)
GHA1643,Urban,Ashanti,Akan,New Patriotic Party (NPP)
GHA1655,Rural,Eastern,Akan,National Democratic Congress (NDC)
GHA1663,Urban,Ashanti,Akan,New Patriotic Party (NPP)
GHA1665,Urban,Ashanti,Akan,New Patriotic Party (NPP)
GHA1667,Urban,Greater Accra,Akan,National Democratic Congress (NDC)
GHA1668,Urban,Ashanti,Akan,New Patriotic Party (NPP)
GHA1672,Rural,Eastern,Akan,New Patriotic Party (NPP)
GHA1679,Urban,Central,Ewe_Ga,National Democratic Congress (NDC)
GHA1683,Urban,Ashanti,Akan,National Democratic Congress (NDC)
GHA1685,Urban,Ashanti,Akan,New Patriotic Party (NPP)
GHA1689,Urban,Ashanti,Akan,New Patriotic Party (NPP)
GHA1690,Rural,Eastern,Akan,National Democratic Congress (NDC)
GHA1693,Urban,Greater Accra,Ewe_Ga,National Democratic Congress (NDC)
GHA1694,Urban,Ashanti,Akan,New Patriotic Party (NPP)
GHA1696,Urban,Brong-Ahafo,Akan,New Patriotic Party (NPP)
GHA1697,Urban,Greater Accra,Ewe_Ga,New Patriotic Party (NPP)
GHA1702,Rural,Western,Ewe_Ga,National Democratic Congress (NDC)
GHA1703,Rural,Eastern,Akan,National Democratic Congress (NDC)
GHA1705,Urban,Greater Accra,Ewe_Ga,National Democratic Congress (NDC)
GHA1707,Urban,Ashanti,Akan,New Patriotic Party (NPP)
GHA1711,Urban,Central,Akan,New Patriotic Party (NPP)
GHA1715,Urban,Brong-Ahafo,Akan,National Democratic Congress (NDC)
GHA1722,Urban,Brong-Ahafo,Akan,New Patriotic Party (NPP)
GHA1727,Urban,Greater Accra,Ewe_Ga,National Democratic Congress (NDC)
GHA1737,Urban,Greater Accra,Ewe_Ga,National Democratic Congress (NDC)
GHA1738,Urban,Eastern,Ewe_Ga,National Democratic Congress (NDC)
GHA1746,Urban,Western,Akan,New Patriotic Party (NPP)
GHA1751,Rural,Ashanti,Akan,New Patriotic Party (NPP)
GHA1757,Urban,Central,Akan,National Democratic Congress (NDC)
GHA1758,Rural,Ashanti,Akan,New Patriotic Party (NPP)
GHA1762,Urban,Central,Ewe_Ga,New Patriotic Party (NPP)
GHA1764,Rural,Ashanti,Akan,New Patriotic Party (NPP)
GHA1769,Rural,Ashanti,Akan,New Patriotic Party (NPP)
GHA1770,Urban,Greater Accra,Akan,New Patriotic Party (NPP)
GHA1771,Rural,Ashanti,Akan,New Patriotic Party (NPP)
GHA1776,Rural,Ashanti,Akan,National Democratic Congress (NDC)
GHA1778,Rural,Ashanti,Akan,New Patriotic Party (NPP)
GHA1787,Urban,Central,Akan,New Patriotic Party (NPP)
GHA1789,Urban,Central,Akan,New Patriotic Party (NPP)
GHA1796,Rural,Ashanti,Akan,New Patriotic Party (NPP)
GHA1799,Rural,Ashanti,Akan,New Patriotic Party (NPP)
GHA1801,Rural,Ashanti,Akan,New Patriotic Party (NPP)
GHA1803,Urban,Western,Akan,New Patriotic Party (NPP)
GHA1807,Urban,Brong-Ahafo,Akan,New Patriotic Party (NPP)
GHA1811,Urban,Brong-Ahafo,Akan,National Democratic Congress (NDC)
GHA1826,Urban,Western,Akan,National Democratic Congress (NDC)
GHA1827,Urban,Western,Akan,New Patriotic Party (NPP)
GHA1829,Rural,Ashanti,Akan,New Patriotic Party (NPP)
GHA1832,Rural,Eastern,Akan,New Patriotic Party (NPP)
GHA1844,Rural,Ashanti,Akan,New Patriotic Party (NPP)
GHA1845,Urban,Greater Accra,Ewe_Ga,National Democratic Congress (NDC)
GHA1846,Urban,Western,Akan,National Democratic Congress (NDC)
GHA1849,Urban,Ashanti,Akan,New Patriotic Party (NPP)
GHA1851,Urban,Western,Akan,National Democratic Congress (NDC)
GHA1852,Rural,Ashanti,Akan,National Democratic Congress (NDC)
GHA1854,Rural,Ashanti,Akan,National Democratic Congress (NDC)
GHA1862,Urban,Greater Accra,Ewe_Ga,National Democratic Congress (NDC)
GHA1863,Rural,Eastern,Akan,New Patriotic Party (NPP)
GHA1865,Urban,Central,Akan,National Democratic Congress (NDC)
GHA1868,Rural,Eastern,Akan,New Patriotic Party (NPP)
GHA1874,Urban,Western,Akan,New Patriotic Party (NPP)
GHA1879,Rural,Ashanti,Ewe_Ga,National Democratic Congress (NDC)
GHA1884,Urban,Greater Accra,Ewe_Ga,National Democratic Congress (NDC)
GHA1887,Urban,Greater Accra,Ewe_Ga,National Democratic Congress (NDC)
GHA1893,Urban,Greater Accra,Akan,New Patriotic Party (NPP)
GHA1897,Urban,Central,Akan,National Democratic Congress (NDC)
GHA1903,Urban,Western,Ewe_Ga,National Democratic Congress (NDC)
GHA1909,Urban,Ashanti,Akan,New Patriotic Party (NPP)
GHA1911,Urban,Ashanti,Akan,New Patriotic Party (NPP)
GHA1913,Urban,Eastern,Akan,New Patriotic Party (NPP)
GHA1919,Urban,Greater Accra,Akan,National Democratic Congress (NDC)
GHA1922,Urban,Ashanti,Akan,New Patriotic Party (NPP)
GHA1924,Urban,Ashanti,Akan,New Patriotic Party (NPP)
GHA1925,Urban,Western,Ewe_Ga,National Democratic Congress (NDC)
GHA1926,Urban,Ashanti,Akan,New Patriotic Party (NPP)
GHA1927,Urban,Ashanti,Akan,New Patriotic Party (NPP)
GHA1930,Urban,Central,Ewe_Ga,National Democratic Congress (NDC)
GHA1934,Urban,Ashanti,Akan,National Democratic Congress (NDC)
GHA1935,Urban,Central,Akan,New Patriotic Party (NPP)
GHA1940,Urban,Eastern,Akan,New Patriotic Party (NPP)
GHA1943,Urban,Western,Akan,New Patriotic Party (NPP)
GHA1946,Urban,Ashanti,Ewe_Ga,New Patriotic Party (NPP)
GHA1947,Urban,Ashanti,Akan,National Democratic Congress (NDC)
GHA1948,Urban,Eastern,Akan,National Democratic Congress (NDC)
GHA1949,Urban,Ashanti,Akan,New Patriotic Party (NPP)
GHA1950,Urban,Greater Accra,Akan,New Patriotic Party (NPP)
GHA1951,Urban,Greater Accra,Ewe_Ga,National Democratic Congress (NDC)
GHA1959,Urban,Central,Ewe_Ga,National Democratic Congress (NDC)
GHA1965,Urban,Greater Accra,Ewe_Ga,New Patriotic Party (NPP)
GHA1969,Urban,Ashanti,Ewe_Ga,National Democratic Congress (NDC)
GHA1972,Urban,Greater Accra,Ewe_Ga,National Democratic Congress (NDC)
GHA1977,Urban,Central,Akan,New Patriotic Party (NPP)
GHA1980,Urban,Ashanti,Akan,New Patriotic Party (NPP)
GHA1984,Urban,Central,Ewe_Ga,National Democratic Congress (NDC)
GHA1986,Urban,Central,Akan,National Democratic Congress (NDC)
GHA1990,Urban,Western,Akan,National Democratic Congress (NDC)
GHA1992,Urban,Western,Akan,New Patriotic Party (NPP)
GHA1995,Urban,Ashanti,Akan,New Patriotic Party (NPP)
GHA2004,Urban,Central,Akan,New Patriotic Party (NPP)
GHA2012,Urban,Central,Akan,National Democratic Congress (NDC)
GHA2015,Urban,Greater Accra,Akan,National Democratic Congress (NDC)
GHA2018,Urban,Ashanti,Akan,New Patriotic Party (NPP)
GHA2022,Urban,Ashanti,Akan,National Democratic Congress (NDC)
GHA2024,Urban,Ashanti,Akan,National Democratic Congress (NDC)
GHA2026,Rural,Eastern,Akan,National Democratic Congress (NDC)
GHA2027,Rural,Eastern,Akan,New Patriotic Party (NPP)
GHA2028,Rural,Eastern,Ewe_Ga,New Patriotic Party (NPP)
GHA2030,Urban,Western,Akan,National Democratic Congress (NDC)
GHA2031,Urban,Western,Akan,New Patriotic Party (NPP)
GHA2032,Urban,Ashanti,Akan,New Patriotic Party (NPP)
GHA2034,Urban,Greater Accra,Ewe_Ga,National Democratic Congress (NDC)
GHA2035,Urban,Greater Accra,Ewe_Ga,National Democratic Congress (NDC)
GHA2038,Urban,Central,Akan,New Patriotic Party (NPP)
GHA2039,Urban,Greater Accra,Akan,New Patriotic Party (NPP)
GHA2040,Urban,Greater Accra,Ewe_Ga,National Democratic Congress (NDC)
GHA2042,Urban,Greater Accra,Akan,National Democratic Congress (NDC)
GHA2043,Rural,Eastern,Ewe_Ga,New Patriotic Party (NPP)
GHA2052,Urban,Greater Accra,Akan,National Democratic Congress (NDC)
GHA2058,Urban,Western,Akan,National Democratic Congress (NDC)
GHA2060,Urban,Ashanti,Akan,New Patriotic Party (NPP)
GHA2061,Urban,Ashanti,Akan,New Patriotic Party (NPP)
GHA2067,Urban,Western,Akan,New Patriotic Party (NPP)
GHA2068,Urban,Ashanti,Akan,New Patriotic Party (NPP)
GHA2069,Urban,Central,Ewe_Ga,National Democratic Congress (NDC)
GHA2070,Urban,Ashanti,Akan,New Patriotic Party (NPP)
GHA2071,Urban,Ashanti,Akan,New Patriotic Party (NPP)
GHA2072,Urban,Ashanti,Akan,New Patriotic Party (NPP)
GHA2076,Urban,Greater Accra,Akan,New Patriotic Party (NPP)
GHA2082,Urban,Ashanti,Akan,New Patriotic Party (NPP)
GHA2084,Urban,Central,Akan,New Patriotic Party (NPP)
GHA2093,Urban,Greater Accra,Akan,National Democratic Congress (NDC)
GHA2096,Urban,Eastern,Akan,National Democratic Congress (NDC)
GHA2097,Urban,Western,Akan,New Patriotic Party (NPP)
GHA2102,Urban,Ashanti,Akan,New Patriotic Party (NPP)
GHA2103,Urban,Greater Accra,Ewe_Ga,National Democratic Congress (NDC)
GHA2106,Urban,Greater Accra,Akan,New Patriotic Party (NPP)
GHA2107,Urban,Eastern,Akan,New Patriotic Party (NPP)
GHA2108,Urban,Greater Accra,Ewe_Ga,National Democratic Congress (NDC)
GHA2109,Urban,Greater Accra,Akan,New Patriotic Party (NPP)
GHA2110,Urban,Eastern,Akan,National Democratic Congress (NDC)
GHA2113,Urban,Eastern,Akan,New Patriotic Party (NPP)
GHA2114,Urban,Eastern,Akan,New Patriotic Party (NPP)
GHA2116,Urban,Central,Akan,National Democratic Congress (NDC)
GHA2121,Urban,Central,Akan,New Patriotic Party (NPP)
GHA2124,Urban,Ashanti,Akan,New Patriotic Party (NPP)
GHA2127,Urban,Ashanti,Akan,New Patriotic Party (NPP)
GHA2128,Rural,Eastern,Akan,New Patriotic Party (NPP)
GHA2132,Urban,Greater Accra,Akan,New Patriotic Party (NPP)
GHA2140,Urban,Ashanti,Akan,New Patriotic Party (NPP)
GHA2149,Urban,Greater Accra,Ewe_Ga,National Democratic Congress (NDC)
GHA2154,Urban,Central,Ewe_Ga,National Democratic Congress (NDC)
GHA2155,Urban,Ashanti,Akan,New Patriotic Party (NPP)
GHA2156,Rural,Greater Accra,Ewe_Ga,National Democratic Congress (NDC)
GHA2157,Urban,Ashanti,Akan,New Patriotic Party (NPP)
GHA2159,Rural,Greater Accra,Ewe_Ga,National Democratic Congress (NDC)
GHA2163,Rural,Greater Accra,Ewe_Ga,National Democratic Congress (NDC)
GHA2169,Rural,Eastern,Akan,New Patriotic Party (NPP)
GHA2173,Urban,Greater Accra,Akan,New Patriotic Party (NPP)
GHA2178,Urban,Greater Accra,Ewe_Ga,National Democratic Congress (NDC)
GHA2180,Rural,Greater Accra,Ewe_Ga,National Democratic Congress (NDC)
GHA2181,Rural,Greater Accra,Ewe_Ga,National Democratic Congress (NDC)
GHA2187,Rural,Greater Accra,Ewe_Ga,National Democratic Congress (NDC)
GHA2188,Rural,Eastern,Akan,New Patriotic Party (NPP)
GHA2189,Rural,Eastern,Ewe_Ga,New Patriotic Party (NPP)
GHA2190,Rural,Eastern,Ewe_Ga,National Democratic Congress (NDC)
GHA2193,Urban,Greater Accra,Ewe_Ga,National Democratic Congress (NDC)
GHA2195,Urban,Greater Accra,Ewe_Ga,National Democratic Congress (NDC)
GHA2197,Urban,Greater Accra,Akan,New Patriotic Party (NPP)
GHA2199,Urban,Ashanti,Akan,New Patriotic Party (NPP)
GHA2200,Urban,Ashanti,Akan,New Patriotic Party (NPP)
GHA2201,Urban,Ashanti,Akan,New Patriotic Party (NPP)
GHA2203,Urban,Eastern,Ewe_Ga,New Patriotic Party (NPP)
GHA2208,Rural,Central,Akan,National Democratic Congress (NDC)
GHA2209,Rural,Central,Akan,National Democratic Congress (NDC)
GHA2210,Urban,Eastern,Ewe_Ga,National Democratic Congress (NDC)
GHA2211,Rural,Central,Akan,National Democratic Congress (NDC)
GHA2213,Urban,Eastern,Akan,New Patriotic Party (NPP)
GHA2216,Rural,Central,Akan,National Democratic Congress (NDC)
GHA2219,Urban,Ashanti,Akan,New Patriotic Party (NPP)
GHA2222,Urban,Ashanti,Akan,New Patriotic Party (NPP)
GHA2227,Urban,Ashanti,Akan,New Patriotic Party (NPP)
GHA2228,Urban,Greater Accra,Akan,New Patriotic Party (NPP)
GHA2233,Urban,Eastern,Ewe_Ga,National Democratic Congress (NDC)
GHA2239,Urban,Greater Accra,Akan,New Patriotic Party (NPP)
GHA2240,Urban,Greater Accra,Akan,New Patriotic Party (NPP)
GHA2242,Urban,Eastern,Ewe_Ga,National Democratic Congress (NDC)
GHA2245,Urban,Eastern,Akan,New Patriotic Party (NPP)
GHA2248,Urban,Ashanti,Akan,New Patriotic Party (NPP)
GHA2249,Urban,Ashanti,Akan,New Patriotic Party (NPP)
GHA2252,Urban,Greater Accra,Ewe_Ga,New Patriotic Party (NPP)
GHA2255,Urban,Ashanti,Akan,New Patriotic Party (NPP)
GHA2258,Urban,Eastern,Akan,New Patriotic Party (NPP)
GHA2259,Urban,Ashanti,Akan,New Patriotic Party (NPP)
GHA2262,Urban,Greater Accra,Akan,New Patriotic Party (NPP)
GHA2264,Urban,Greater Accra,Akan,National Democratic Congress (NDC)
GHA2265,Urban,Greater Accra,Akan,New Patriotic Party (NPP)
GHA2266,Urban,Eastern,Akan,National Democratic Congress (NDC)
GHA2273,Urban,Greater Accra,Akan,New Patriotic Party (NPP)
GHA2276,Urban,Greater Accra,Akan,New Patriotic Party (NPP)
GHA2279,Urban,Eastern,Ewe_Ga,National Democratic Congress (NDC)
GHA2282,Urban,Greater Accra,Akan,New Patriotic Party (NPP)
GHA2285,Urban,Eastern,Ewe_Ga,National Democratic Congress (NDC)
GHA2287,Urban,Eastern,Ewe_Ga,National Democratic Congress (NDC)
GHA2288,Urban,Greater Accra,Akan,New Patriotic Party (NPP)
GHA2293,Urban,Greater Accra,Akan,New Patriotic Party (NPP)
GHA2294,Urban,Greater Accra,Akan,National Democratic Congress (NDC)
GHA2297,Urban,Greater Accra,Akan,New Patriotic Party (NPP)
GHA2298,Urban,Greater Accra,Akan,New Patriotic Party (NPP)
GHA2302,Urban,Greater Accra,Akan,New Patriotic Party (NPP)
GHA2303,Urban,Greater Accra,Ewe_Ga,National Democratic Congress (NDC)
GHA2305,Urban,Greater Accra,Akan,New Patriotic Party (NPP)
GHA2306,Urban,Greater Accra,Akan,New Patriotic Party (NPP)
GHA2310,Urban,Greater Accra,Ewe_Ga,National Democratic Congress (NDC)
GHA2311,Urban,Greater Accra,Akan,New Patriotic Party (NPP)
GHA2314,Urban,Greater Accra,Ewe_Ga,New Patriotic Party (NPP)
GHA2315,Urban,Greater Accra,Akan,New Patriotic Party (NPP)
GHA2321,Urban,Greater Accra,Ewe_Ga,National Democratic Congress (NDC)
GHA2322,Urban,Greater Accra,Akan,New Patriotic Party (NPP)
GHA2323,Urban,Greater Accra,Ewe_Ga,National Democratic Congress (NDC)
GHA2325,Urban,Greater Accra,Ewe_Ga,National Democratic Congress (NDC)
GHA2328,Urban,Greater Accra,Ewe_Ga,National Democratic Congress (NDC)
GHA2329,Urban,Greater Accra,Akan,National Democratic Congress (NDC)
GHA2337,Urban,Greater Accra,Ewe_Ga,National Democratic Congress (NDC)
GHA2338,Urban,Greater Accra,Akan,National Democratic Congress (NDC)
GHA2342,Urban,Greater Accra,Ewe_Ga,National Democratic Congress (NDC)
GHA2356,Urban,Greater Accra,Ewe_Ga,National Democratic Congress (NDC)
GHA2360,Urban,Greater Accra,Ewe_Ga,New Patriotic Party (NPP)
GHA2367,Urban,Greater Accra,Ewe_Ga,National Democratic Congress (NDC)
GHA0004,Urban,Ashanti,Akan,New Patriotic Party (NPP)
GHA0006,Urban,Brong-Ahafo,Akan,New Patriotic Party (NPP)
GHA0008,Urban,Ashanti,Akan,New Patriotic Party (NPP)
GHA0013,Urban,Brong-Ahafo,Akan,New Patriotic Party (NPP)
GHA0020,Urban,Western,Akan,New Patriotic Party (NPP)
GHA0022,Urban,Western,Akan,New Patriotic Party (NPP)
GHA0024,Rural,Eastern,Akan,National Democratic Congress (NDC)
GHA0025,Urban,Central,Akan,New Patriotic Party (NPP)
GHA0033,Rural,Ashanti,Ewe_Ga,National Democratic Congress (NDC)
GHA0034,Urban,Central,Akan,New Patriotic Party (NPP)
GHA0036,Urban,Greater Accra,Ewe_Ga,National Democratic Congress (NDC)
GHA0037,Urban,Greater Accra,Akan,National Democratic Congress (NDC)
GHA0038,Rural,Ashanti,Ewe_Ga,New Patriotic Party (NPP)
GHA0040,Rural,Ashanti,Ewe_Ga,National Democratic Congress (NDC)
GHA0041,Rural,Ashanti,Akan,New Patriotic Party (NPP)
GHA0042,Rural,Greater Accra,Ewe_Ga,New Patriotic Party (NPP)
GHA0043,Rural,Greater Accra,Ewe_Ga,New Patriotic Party (NPP)
GHA0044,Rural,Greater Accra,Ewe_Ga,National Democratic Congress (NDC)
GHA0046,Urban,Central,Akan,New Patriotic Party (NPP)
GHA0047,Rural,Greater Accra,Ewe_Ga,National Democratic Congress (NDC)
GHA0051,Urban,Brong-Ahafo,Akan,National Democratic Congress (NDC)
GHA0055,Urban,Brong-Ahafo,Ewe_Ga,New Patriotic Party (NPP)
GHA0058,Urban,Western,Akan,New Patriotic Party (NPP)
GHA0059,Urban,Ashanti,Akan,National Democratic Congress (NDC)
GHA0065,Urban,Greater Accra,Ewe_Ga,New Patriotic Party (NPP)
GHA0071,Rural,Greater Accra,Ewe_Ga,New Patriotic Party (NPP)
GHA0072,Urban,Ashanti,Akan,New Patriotic Party (NPP)
GHA0074,Rural,Greater Accra,Ewe_Ga,National Democratic Congress (NDC)
GHA0075,Urban,Greater Accra,Akan,National Democratic Congress (NDC)
GHA0078,Rural,Ashanti,Ewe_Ga,National Democratic Congress (NDC)
GHA0081,Rural,Eastern,Akan,New Patriotic Party (NPP)
GHA0086,Rural,Greater Accra,Ewe_Ga,National Democratic Congress (NDC)
GHA0091,Rural,Greater Accra,Ewe_Ga,New Patriotic Party (NPP)
GHA0095,Rural,Ashanti,Ewe_Ga,National Democratic Congress (NDC)
GHA0098,Urban,Central,Akan,National Democratic Congress (NDC)
GHA0100,Rural,Ashanti,Ewe_Ga,National Democratic Congress (NDC)
GHA0101,Urban,Western North,Akan,National Democratic Congress (NDC)
GHA0102,Urban,Western North,Akan,National Democratic Congress (NDC)
GHA0106,Rural,Greater Accra,Ewe_Ga,National Democratic Congress (NDC)
GHA0108,Rural,Greater Accra,Ewe_Ga,New Patriotic Party (NPP)
GHA0113,Urban,Central,Akan,New Patriotic Party (NPP)
GHA0115,Rural,Ashanti,Ewe_Ga,National Democratic Congress (NDC)
GHA0117,Urban,Brong-Ahafo,Ewe_Ga,National Democratic Congress (NDC)
GHA0118,Urban,Eastern,Akan,New Patriotic Party (NPP)
GHA0120,Urban,Brong-Ahafo,Ewe_Ga,National Democratic Congress (NDC)
GHA0123,Rural,Eastern,Akan,New Patriotic Party (NPP)
GHA0125,Urban,Brong-Ahafo,Ewe_Ga,National Democratic Congress (NDC)
GHA0127,Urban,Western North,Akan,New Patriotic Party (NPP)
GHA0131,Urban,Western North,Akan,New Patriotic Party (NPP)
GHA0136,Urban,Ashanti,Akan,New Patriotic Party (NPP)
GHA0137,Urban,Greater Accra,Akan,National Democratic Congress (NDC)
GHA0143,Urban,Ashanti,Akan,New Patriotic Party (NPP)
GHA0144,Urban,Greater Accra,Akan,New Patriotic Party (NPP)
GHA0146,Urban,Greater Accra,Ewe_Ga,National Democratic Congress (NDC)
GHA0149,Urban,Greater Accra,Ewe_Ga,National Democratic Congress (NDC)
GHA0150,Urban,Ashanti,Akan,New Patriotic Party (NPP)
GHA0156,Urban,Western,Akan,New Patriotic Party (NPP)
GHA0159,Rural,Brong-Ahafo,Ewe_Ga,National Democratic Congress (NDC)
GHA0160,Rural,Brong-Ahafo,Akan,National Democratic Congress (NDC)
GHA0161,Rural,Brong-Ahafo,Ewe_Ga,National Democratic Congress (NDC)
GHA0162,Rural,Brong-Ahafo,Ewe_Ga,National Democratic Congress (NDC)
GHA0165,Rural,Brong-Ahafo,Akan,New Patriotic Party (NPP)
GHA0166,Rural,Brong-Ahafo,Akan,National Democratic Congress (NDC)
GHA0171,Rural,Ashanti,Akan,New Patriotic Party (NPP)
GHA0174,Urban,Western,Akan,National Democratic Congress (NDC)
GHA0175,Rural,Ashanti,Akan,National Democratic Congress (NDC)
GHA0184,Rural,Brong-Ahafo,Ewe_Ga,National Democratic Congress (NDC)
GHA0185,Rural,Central,Akan,New Patriotic Party (NPP)
GHA0186,Urban,Ashanti,Akan,New Patriotic Party (NPP)
GHA0187,Rural,Brong-Ahafo,Ewe_Ga,National Democratic Congress (NDC)
GHA0191,Rural,Brong-Ahafo,Ewe_Ga,National Democratic Congress (NDC)
GHA0193,Urban,Ashanti,Akan,National Democratic Congress (NDC)
GHA0199,Urban,Eastern,Ewe_Ga,National Democratic Congress (NDC)
GHA0202,Urban,Western,Akan,National Democratic Congress (NDC)
GHA0204,Urban,Ashanti,Ewe_Ga,New Patriotic Party (NPP)
GHA0207,Urban,Western North,Akan,National Democratic Congress (NDC)
GHA0209,Rural,Central,Akan,National Democratic Congress (NDC)
GHA0210,Urban,Western North,Akan,National Democratic Congress (NDC)
GHA0211,Rural,Brong-Ahafo,Akan,New Patriotic Party (NPP)
GHA0212,Rural,Brong-Ahafo,Akan,New Patriotic Party (NPP)
GHA0214,Rural,Ashanti,Akan,New Patriotic Party (NPP)
GHA0216,Rural,Eastern,Akan,National Democratic Congress (NDC)
GHA0222,Rural,Ashanti,Akan,New Patriotic Party (NPP)
GHA0224,Rural,Central,Akan,New Patriotic Party (NPP)
GHA0232,Urban,Greater Accra,Ewe_Ga,National Democratic Congress (NDC)
GHA0234,Urban,Greater Accra,Akan,New Patriotic Party (NPP)
GHA0235,Rural,Ashanti,Akan,New Patriotic Party (NPP)
GHA0237,Rural,Eastern,Akan,New Patriotic Party (NPP)
GHA0238,Urban,Eastern,Akan,National Democratic Congress (NDC)
GHA0239,Urban,Ashanti,Ewe_Ga,National Democratic Congress (NDC)
GHA0242,Urban,Greater Accra,Ewe_Ga,National Democratic Congress (NDC)
GHA0244,Urban,Ashanti,Akan,New Patriotic Party (NPP)
GHA0245,Urban,Greater Accra,Akan,New Patriotic Party (NPP)
GHA0252,Urban,Greater Accra,Ewe_Ga,National Democratic Congress (NDC)
GHA0254,Urban,Western North,Akan,National Democratic Congress (NDC)
GHA0258,Rural,Eastern,Akan,New Patriotic Party (NPP)
GHA0259,Urban,Western North,Akan,National Democratic Congress (NDC)
GHA0262,Urban,Greater Accra,Ewe_Ga,National Democratic Congress (NDC)
GHA0265,Urban,Eastern,Akan,National Democratic Congress (NDC)
GHA0274,Urban,Greater Accra,Ewe_Ga,New Patriotic Party (NPP)
GHA0276,Urban,Greater Accra,Akan,New Patriotic Party (NPP)
GHA0277,Urban,Brong-Ahafo,Akan,New Patriotic Party (NPP)
GHA0280,Urban,Brong-Ahafo,Akan,New Patriotic Party (NPP)
GHA0285,Rural,Ashanti,Akan,National Democratic Congress (NDC)
GHA0286,Rural,Ashanti,Akan,National Democratic Congress (NDC)
GHA0288,Urban,Western,Akan,National Democratic Congress (NDC)
GHA0292,Urban,Brong-Ahafo,Akan,New Patriotic Party (NPP)
GHA0293,Urban,Brong-Ahafo,Akan,New Patriotic Party (NPP)
GHA0295,Rural,Ashanti,Akan,New Patriotic Party (NPP)
GHA0297,Urban,Western,Akan,National Democratic Congress (NDC)
GHA0298,Urban,Ashanti,Akan,National Democratic Congress (NDC)
GHA0300,Rural,Ashanti,Akan,New Patriotic Party (NPP)
GHA0301,Urban,Ashanti,Akan,New Patriotic Party (NPP)
GHA0302,Rural,Ashanti,Akan,New Patriotic Party (NPP)
GHA0307,Rural,Ashanti,Akan,New Patriotic Party (NPP)
GHA0310,Urban,Greater Accra,Ewe_Ga,National Democratic Congress (NDC)
GHA0315,Rural,Ashanti,Akan,New Patriotic Party (NPP)
GHA0320,Urban,Ashanti,Akan,New Patriotic Party (NPP)
GHA0321,Urban,Ashanti,Akan,National Democratic Congress (NDC)
GHA0323,Rural,Ashanti,Akan,National Democratic Congress (NDC)
GHA0324,Urban,Brong-Ahafo,Akan,New Patriotic Party (NPP)
GHA0325,Urban,Brong-Ahafo,Akan,New Patriotic Party (NPP)
GHA0326,Urban,Brong-Ahafo,Akan,New Patriotic Party (NPP)
GHA0334,Urban,Greater Accra,Ewe_Ga,New Patriotic Party (NPP)
GHA0335,Urban,Greater Accra,Ewe_Ga,New Patriotic Party (NPP)
GHA0336,Rural,Ashanti,Akan,New Patriotic Party (NPP)
GHA0353,Rural,Central,Akan,New Patriotic Party (NPP)
GHA0359,Urban,Greater Accra,Ewe_Ga,New Patriotic Party (NPP)
GHA0360,Rural,Ashanti,Akan,National Democratic Congress (NDC)
GHA0366,Urban,Brong-Ahafo,Akan,New Patriotic Party (NPP)
GHA0368,Urban,Brong-Ahafo,Akan,New Patriotic Party (NPP)
GHA0370,Rural,Central,Akan,New Patriotic Party (NPP)
GHA0371,Urban,Western,Akan,National Democratic Congress (NDC)
GHA0374,Rural,Central,Akan,National Democratic Congress (NDC)
GHA0378,Rural,Ashanti,Akan,New Patriotic Party (NPP)
GHA0380,Rural,Ashanti,Akan,New Patriotic Party (NPP)
GHA0381,Rural,Ashanti,Akan,New Patriotic Party (NPP)
GHA0382,Rural,Ashanti,Akan,New Patriotic Party (NPP)
GHA0388,Urban,Eastern,Ewe_Ga,National Democratic Congress (NDC)
GHA0389,Rural,Western North,Akan,New Patriotic Party (NPP)
GHA0390,Urban,Western,Akan,New Patriotic Party (NPP)
GHA0393,Urban,Eastern,Akan,National Democratic Congress (NDC)
GHA0394,Urban,Brong-Ahafo,Akan,National Democratic Congress (NDC)
GHA0396,Urban,Eastern,Ewe_Ga,National Democratic Congress (NDC)
GHA0397,Urban,Brong-Ahafo,Akan,National Democratic Congress (NDC)
GHA0398,Urban,Brong-Ahafo,Akan,National Democratic Congress (NDC)
GHA0407,Urban,Western,Ewe_Ga,National Democratic Congress (NDC)
GHA0408,Rural,Ashanti,Akan,National Democratic Congress (NDC)
GHA0411,Rural,Ashanti,Akan,New Patriotic Party (NPP)
GHA0418,Rural,Ashanti,Akan,New Patriotic Party (NPP)
GHA0426,Urban,Brong-Ahafo,Akan,National Democratic Congress (NDC)
GHA0428,Urban,Greater Accra,Ewe_Ga,National Democratic Congress (NDC)
GHA0429,Rural,Ashanti,Akan,New Patriotic Party (NPP)
GHA0430,Urban,Brong-Ahafo,Akan,National Democratic Congress (NDC)
GHA0431,Rural,Western North,Akan,New Patriotic Party (NPP)
GHA0434,Urban,Greater Accra,Ewe_Ga,New Patriotic Party (NPP)
GHA0436,Urban,Greater Accra,Akan,National Democratic Congress (NDC)
GHA0443,Urban,Ashanti,Akan,New Patriotic Party (NPP)
GHA0449,Urban,Ashanti,Akan,New Patriotic Party (NPP)
GHA0453,Urban,Eastern,Akan,National Democratic Congress (NDC)
GHA0455,Urban,Eastern,Akan,New Patriotic Party (NPP)
GHA0458,Urban,Greater Accra,Akan,New Patriotic Party (NPP)
GHA0461,Urban,Greater Accra,Akan,New Patriotic Party (NPP)
GHA0465,Urban,Greater Accra,Ewe_Ga,National Democratic Congress (NDC)
GHA0466,Urban,Greater Accra,Ewe_Ga,National Democratic Congress (NDC)
GHA0468,Rural,Ashanti,Akan,National Democratic Congress (NDC)
GHA0479,Urban,Eastern,Ewe_Ga,National Democratic Congress (NDC)
GHA0481,Urban,Greater Accra,Akan,National Democratic Congress (NDC)
GHA0484,Rural,Brong-Ahafo,Akan,National Democratic Congress (NDC)
GHA0485,Rural,Brong-Ahafo,Akan,National Democratic Congress (NDC)
GHA0488,Rural,Brong-Ahafo,Akan,New Patriotic Party (NPP)
GHA0506,Rural,Brong-Ahafo,Akan,New Patriotic Party (NPP)
GHA0509,Rural,Brong-Ahafo,Akan,National Democratic Congress (NDC)
GHA0510,Rural,Brong-Ahafo,Akan,New Patriotic Party (NPP)
GHA0513,Urban,Central,Akan,New Patriotic Party (NPP)
GHA0514,Urban,Western,Akan,National Democratic Congress (NDC)
GHA0515,Rural,Brong-Ahafo,Akan,National Democratic Congress (NDC)
GHA0516,Urban,Greater Accra,Akan,New Patriotic Party (NPP)
GHA0517,Rural,Brong-Ahafo,Akan,National Democratic Congress (NDC)
GHA0518,Urban,Western,Akan,National Democratic Congress (NDC)
GHA0519,Urban,Western,Akan,National Democratic Congress (NDC)
GHA0529,Urban,Ashanti,Akan,New Patriotic Party (NPP)
GHA0533,Rural,Brong-Ahafo,Akan,National Democratic Congress (NDC)
GHA0535,Urban,Central,Akan,New Patriotic Party (NPP)
GHA0540,Urban,Ashanti,Akan,New Patriotic Party (NPP)
GHA0544,Urban,Ashanti,Akan,New Patriotic Party (NPP)
GHA0545,Rural,Western North,Akan,National Democratic Congress (NDC)
GHA0546,Urban,Greater Accra,Akan,National Democratic Congress (NDC)
GHA0547,Urban,Greater Accra,Akan,New Patriotic Party (NPP)
GHA0548,Rural,Western North,Akan,New Patriotic Party (NPP)
GHA0550,Urban,Greater Accra,Akan,New Patriotic Party (NPP)
GHA0551,Urban,Ashanti,Akan,National Democratic Congress (NDC)
GHA0552,Urban,Greater Accra,Ewe_Ga,National Democratic Congress (NDC)
GHA0553,Urban,Greater Accra,Akan,National Democratic Congress (NDC)
GHA0555,Urban,Ashanti,Akan,New Patriotic Party (NPP)
GHA0557,Urban,Ashanti,Akan,New Patriotic Party (NPP)
GHA0561,Urban,Ashanti,Akan,National Democratic Congress (NDC)
GHA0564,Rural,Western North,Akan,National Democratic Congress (NDC)
GHA0567,Urban,Ashanti,Akan,New Patriotic Party (NPP)
GHA0570,Urban,Greater Accra,Ewe_Ga,National Democratic Congress (NDC)
GHA0573,Rural,Brong-Ahafo,Akan,New Patriotic Party (NPP)
GHA0576,Rural,Brong-Ahafo,Akan,New Patriotic Party (NPP)
GHA0577,Rural,Brong-Ahafo,Akan,National Democratic Congress (NDC)
GHA0582,Rural,Eastern,Akan,National Democratic Congress (NDC)
GHA0584,Rural,Eastern,Akan,National Democratic Congress (NDC)
GHA0587,Urban,Ashanti,Akan,New Patriotic Party (NPP)
GHA0589,Urban,Ashanti,Akan,New Patriotic Party (NPP)
GHA0590,Urban,Brong-Ahafo,Akan,New Patriotic Party (NPP)
GHA0595,Urban,Ashanti,Akan,New Patriotic Party (NPP)
GHA0597,Urban,Western,Akan,New Patriotic Party (NPP)
GHA0598,Urban,Brong-Ahafo,Akan,New Patriotic Party (NPP)
GHA0610,Rural,Eastern,Akan,National Democratic Congress (NDC)
GHA0614,Urban,Eastern,Ewe_Ga,New Patriotic Party (NPP)
GHA0622,Rural,Brong-Ahafo,Ewe_Ga,New Patriotic Party (NPP)
GHA0625,Urban,Brong-Ahafo,Akan,New Patriotic Party (NPP)
GHA0629,Rural,Central,Akan,National Democratic Congress (NDC)
GHA0631,Rural,Central,Akan,New Patriotic Party (NPP)
GHA0635,Rural,Eastern,Akan,New Patriotic Party (NPP)
GHA0637,Rural,Eastern,Ewe_Ga,New Patriotic Party (NPP)
GHA0638,Urban,Ashanti,Akan,New Patriotic Party (NPP)
GHA0647,Urban,Ashanti,Akan,New Patriotic Party (NPP)
GHA0652,Rural,Eastern,Ewe_Ga,National Democratic Congress (NDC)
GHA0653,Urban,Greater Accra,Ewe_Ga,National Democratic Congress (NDC)
GHA0660,Urban,Greater Accra,Akan,National Democratic Congress (NDC)
GHA0662,Urban,Western North,Ewe_Ga,National Democratic Congress (NDC)
GHA0664,Urban,Greater Accra,Ewe_Ga,New Patriotic Party (NPP)
GHA0665,Urban,Western North,Akan,New Patriotic Party (NPP)
GHA0666,Urban,Greater Accra,Akan,National Democratic Congress (NDC)
GHA0668,Urban,Greater Accra,Akan,National Democratic Congress (NDC)
GHA0670,Urban,Western North,Akan,New Patriotic Party (NPP)
GHA0671,Urban,Eastern,Ewe_Ga,National Democratic Congress (NDC)
GHA0674,Rural,Central,Akan,New Patriotic Party (NPP)
GHA0682,Urban,Greater Accra,Ewe_Ga,National Democratic Congress (NDC)
GHA0688,Urban,Western North,Akan,New Patriotic Party (NPP)
GHA0694,Urban,Greater Accra,Ewe_Ga,National Democratic Congress (NDC)
GHA0697,Rural,Ashanti,Akan,New Patriotic Party (NPP)
GHA0698,Rural,Ashanti,Akan,New Patriotic Party (NPP)
GHA0699,Rural,Eastern,Akan,National Democratic Congress (NDC)
GHA0700,Rural,Ashanti,Akan,New Patriotic Party (NPP)
GHA0704,Urban,Brong-Ahafo,Akan,New Patriotic Party (NPP)
GHA0706,Urban,Greater Accra,Akan,National Democratic Congress (NDC)
GHA0710,Rural,Ashanti,Akan,New Patriotic Party (NPP)
GHA0711,Urban,Brong-Ahafo,Akan,National Democratic Congress (NDC)
GHA0727,Urban,Greater Accra,Ewe_Ga,National Democratic Congress (NDC)
GHA0729,Urban,Central,Akan,New Patriotic Party (NPP)
GHA0732,Rural,Ashanti,Akan,National Democratic Congress (NDC)
GHA0733,Rural,Ashanti,Akan,National Democratic Congress (NDC)
GHA0738,Rural,Ashanti,Akan,New Patriotic Party (NPP)
GHA0741,Urban,Western,Akan,National Democratic Congress (NDC)
GHA0744,Urban,Central,Akan,National Democratic Congress (NDC)
GHA0745,Urban,Western,Akan,National Democratic Congress (NDC)
GHA0746,Urban,Greater Accra,Ewe_Ga,National Democratic Congress (NDC)
GHA0755,Rural,Ashanti,Akan,New Patriotic Party (NPP)
GHA0762,Rural,Ashanti,Akan,New Patriotic Party (NPP)
GHA0764,Rural,Ashanti,Akan,New Patriotic Party (NPP)
GHA0768,Urban,Greater Accra,Ewe_Ga,National Democratic Congress (NDC)
GHA0770,Urban,Greater Accra,Ewe_Ga,National Democratic Congress (NDC)
GHA0778,Rural,Ashanti,Akan,National Democratic Congress (NDC)
GHA0782,Urban,Central,Akan,National Democratic Congress (NDC)
GHA0783,Urban,Central,Akan,National Democratic Congress (NDC)
GHA0786,Urban,Central,Akan,National Democratic Congress (NDC)
GHA0791,Rural,Western North,Akan,National Democratic Congress (NDC)
GHA0799,Urban,Greater Accra,Ewe_Ga,National Democratic Congress (NDC)
GHA0800,Rural,Western North,Ewe_Ga,National Democratic Congress (NDC)
GHA0811,Urban,Ashanti,Akan,New Patriotic Party (NPP)
GHA0813,Urban,Ashanti,Akan,National Democratic Congress (NDC)
GHA0817,Urban,Eastern,Ewe_Ga,National Democratic Congress (NDC)
GHA0818,Urban,Ashanti,Akan,New Patriotic Party (NPP)
GHA0819,Urban,Central,Akan,National Democratic Congress (NDC)
GHA0820,Urban,Central,Akan,National Democratic Congress (NDC)
GHA0824,Urban,Greater Accra,Ewe_Ga,National Democratic Congress (NDC)
GHA0825,Urban,Greater Accra,Ewe_Ga,New Patriotic Party (NPP)
GHA0828,Urban,Greater Accra,Ewe_Ga,National Democratic Congress (NDC)
GHA0829,Urban,Eastern,Akan,New Patriotic Party (NPP)
GHA0836,Urban,Ashanti,Akan,New Patriotic Party (NPP)
GHA0839,Rural,Ashanti,Akan,New Patriotic Party (NPP)
GHA0841,Urban,Ashanti,Akan,National Democratic Congress (NDC)
GHA0845,Rural,Ashanti,Akan,New Patriotic Party (NPP)
GHA0847,Urban,Central,Akan,National Democratic Congress (NDC)
GHA0848,Rural,Ashanti,Akan,National Democratic Congress (NDC)
GHA0850,Urban,Greater Accra,Ewe_Ga,National Democratic Congress (NDC)
GHA0851,Urban,Ashanti,Akan,New Patriotic Party (NPP)
GHA0857,Urban,Central,Akan,New Patriotic Party (NPP)
GHA0861,Urban,Greater Accra,Ewe_Ga,National Democratic Congress (NDC)
GHA0867,Urban,Brong-Ahafo,Akan,National Democratic Congress (NDC)
GHA0869,Urban,Eastern,Akan,New Patriotic Party (NPP)
GHA0871,Urban,Brong-Ahafo,Akan,New Patriotic Party (NPP)
GHA0875,Urban,Eastern,Akan,New Patriotic Party (NPP)
GHA0876,Urban,Greater Accra,Ewe_Ga,National Democratic Congress (NDC)
GHA0879,Rural,Ashanti,Akan,New Patriotic Party (NPP)
GHA0883,Urban,Greater Accra,Akan,National Democratic Congress (NDC)
GHA0892,Urban,Western,Akan,National Democratic Congress (NDC)
GHA0893,Urban,Brong-Ahafo,Akan,National Democratic Congress (NDC)
GHA0896,Urban,Greater Accra,Ewe_Ga,New Patriotic Party (NPP)
GHA0898,Urban,Brong-Ahafo,Akan,New Patriotic Party (NPP)
GHA0899,Urban,Brong-Ahafo,Akan,National Democratic Congress (NDC)
GHA0900,Urban,Greater Accra,Akan,National Democratic Congress (NDC)
GHA0905,Urban,Brong-Ahafo,Akan,New Patriotic Party (NPP)
GHA0912,Urban,Ashanti,Akan,New Patriotic Party (NPP)
GHA0916,Urban,Greater Accra,Akan,New Patriotic Party (NPP)
GHA0922,Urban,Brong-Ahafo,Akan,New Patriotic Party (NPP)
GHA0924,Urban,Greater Accra,Ewe_Ga,National Democratic Congress (NDC)
GHA0926,Urban,Brong-Ahafo,Akan,National Democratic Congress (NDC)
GHA0928,Rural,Western North,Akan,National Democratic Congress (NDC)
GHA0930,Urban,Brong-Ahafo,Akan,New Patriotic Party (NPP)
GHA0931,Urban,Central,Akan,New Patriotic Party (NPP)
GHA0934,Urban,Central,Akan,National Democratic Congress (NDC)
GHA0936,Urban,Ashanti,Akan,New Patriotic Party (NPP)
GHA0942,Urban,Ashanti,Akan,New Patriotic Party (NPP)
GHA0944,Rural,Ashanti,Akan,New Patriotic Party (NPP)
GHA0945,Urban,Greater Accra,Akan,National Democratic Congress (NDC)
GHA0946,Rural,Eastern,Akan,New Patriotic Party (NPP)
GHA0947,Rural,Ashanti,Akan,New Patriotic Party (NPP)
GHA0950,Rural,Eastern,Akan,New Patriotic Party (NPP)
GHA0952,Urban,Greater Accra,Ewe_Ga,National Democratic Congress (NDC)
GHA0953,Rural,Western North,Akan,New Patriotic Party (NPP)
GHA0955,Rural,Western North,Akan,New Patriotic Party (NPP)
GHA0958,Urban,Brong-Ahafo,Akan,National Democratic Congress (NDC)
GHA0963,Rural,Eastern,Akan,New Patriotic Party (NPP)
GHA0964,Rural,Western North,Akan,National Democratic Congress (NDC)
GHA0966,Urban,Central,Akan,National Democratic Congress (NDC)
GHA0970,Urban,Central,Akan,New Patriotic Party (NPP)
GHA0995,Rural,Western,Akan,National Democratic Congress (NDC)
GHA1000,Rural,Western,Akan,National Democratic Congress (NDC)
GHA1016,Urban,Greater Accra,Akan,New Patriotic Party (NPP)
GHA1017,Rural,Western,Akan,National Democratic Congress (NDC)
GHA1023,Rural,Western,Akan,New Patriotic Party (NPP)
GHA1024,Rural,Western,Akan,National Democratic Congress (NDC)
GHA1028,Urban,Brong-Ahafo,Akan,New Patriotic Party (NPP)
GHA1031,Urban,Brong-Ahafo,Akan,New Patriotic Party (NPP)
GHA1032,Rural,Ashanti,Akan,New Patriotic Party (NPP)
GHA1035,Rural,Ashanti,Akan,New Patriotic Party (NPP)
GHA1037,Urban,Eastern,Akan,New Patriotic Party (NPP)
GHA1038,Urban,Brong-Ahafo,Ewe_Ga,New Patriotic Party (NPP)
GHA1041,Urban,Greater Accra,Ewe_Ga,National Democratic Congress (NDC)
GHA1045,Urban,Central,Akan,National Democratic Congress (NDC)
GHA1046,Urban,Greater Accra,Akan,New Patriotic Party (NPP)
GHA1048,Urban,Eastern,Ewe_Ga,National Democratic Congress (NDC)
GHA1050,Urban,Greater Accra,Akan,New Patriotic Party (NPP)
GHA1051,Urban,Central,Ewe_Ga,New Patriotic Party (NPP)
GHA1053,Urban,Central,Akan,New Patriotic Party (NPP)
GHA1055,Urban,Greater Accra,Ewe_Ga,National Democratic Congress (NDC)
GHA1062,Rural,Ashanti,Akan,New Patriotic Party (NPP)
GHA1064,Urban,Central,Akan,National Democratic Congress (NDC)
GHA1066,Rural,Ashanti,Akan,New Patriotic Party (NPP)
GHA1074,Urban,Eastern,Akan,New Patriotic Party (NPP)
GHA1075,Urban,Ashanti,Akan,New Patriotic Party (NPP)
GHA1076,Urban,Brong-Ahafo,Akan,New Patriotic Party (NPP)
GHA1088,Urban,Central,Akan,New Patriotic Party (NPP)
GHA1090,Urban,Central,Akan,New Patriotic Party (NPP)
GHA1094,Urban,Greater Accra,Ewe_Ga,National Democratic Congress (NDC)
GHA1099,Urban,Greater Accra,Ewe_Ga,National Democratic Congress (NDC)
GHA1102,Urban,Greater Accra,Akan,National Democratic Congress (NDC)
GHA1103,Urban,Greater Accra,Ewe_Ga,National Democratic Congress (NDC)
GHA1104,Urban,Brong-Ahafo,Akan,New Patriotic Party (NPP)
GHA1106,Urban,Central,Akan,National Democratic Congress (NDC)
GHA1108,Urban,Ashanti,Akan,New Patriotic Party (NPP)
GHA1110,Urban,Western,Akan,National Democratic Congress (NDC)
GHA1111,Urban,Ashanti,Akan,National Democratic Congress (NDC)
GHA1116,Urban,Western,Akan,National Democratic Congress (NDC)
GHA1119,Rural,Eastern,Ewe_Ga,National Democratic Congress (NDC)
GHA1120,Urban,Eastern,Akan,New Patriotic Party (NPP)
GHA1121,Rural,Eastern,Ewe_Ga,National Democratic Congress (NDC)
GHA1122,Rural,Brong-Ahafo,Akan,New Patriotic Party (NPP)
GHA1130,Urban,Greater Accra,Akan,New Patriotic Party (NPP)
GHA1134,Rural,Eastern,Ewe_Ga,National Democratic Congress (NDC)
GHA1142,Urban,Western,Akan,National Democratic Congress (NDC)
GHA1143,Urban,Greater Accra,Ewe_Ga,National Democratic Congress (NDC)
GHA1145,Rural,Eastern,Ewe_Ga,National Democratic Congress (NDC)
GHA1160,Rural,Eastern,Ewe_Ga,National Democratic Congress (NDC)
GHA1169,Rural,Central,Akan,National Democratic Congress (NDC)
GHA1170,Rural,Central,Akan,New Patriotic Party (NPP)
GHA1171,Urban,Ashanti,Akan,New Patriotic Party (NPP)
GHA1176,Rural,Central,Akan,National Democratic Congress (NDC)
GHA1178,Urban,Greater Accra,Akan,New Patriotic Party (NPP)
GHA1181,Rural,Ashanti,Akan,New Patriotic Party (NPP)
GHA1195,Urban,Eastern,Akan,National Democratic Congress (NDC)
GHA1196,Urban,Eastern,Akan,National Democratic Congress (NDC)
GHA1197,Urban,Eastern,Akan,National Democratic Congress (NDC)
GHA1203,Urban,Ashanti,Akan,New Patriotic Party (NPP)
GHA1204,Rural,Central,Akan,National Democratic Congress (NDC)
GHA1205,Urban,Western,Akan,National Democratic Congress (NDC)
GHA1214,Rural,Ashanti,Akan,New Patriotic Party (NPP)
GHA1216,Rural,Ashanti,Akan,New Patriotic Party (NPP)
GHA1218,Rural,Central,Akan,National Democratic Congress (NDC)
GHA1219,Urban,Eastern,Akan,New Patriotic Party (NPP)
GHA1225,Urban,Eastern,Akan,National Democratic Congress (NDC)
GHA1227,Urban,Western,Akan,New Patriotic Party (NPP)
GHA1232,Urban,Greater Accra,Ewe_Ga,New Patriotic Party (NPP)
GHA1233,Urban,Greater Accra,Ewe_Ga,National Democratic Congress (NDC)
GHA1243,Urban,Greater Accra,Akan,National Democratic Congress (NDC)
GHA1244,Urban,Ashanti,Akan,New Patriotic Party (NPP)
GHA1247,Urban,Brong-Ahafo,Akan,New Patriotic Party (NPP)
GHA1253,Rural,Ashanti,Akan,National Democratic Congress (NDC)
GHA1254,Rural,Ashanti,Akan,New Patriotic Party (NPP)
GHA1255,Rural,Ashanti,Akan,New Patriotic Party (NPP)
GHA1257,Urban,Ashanti,Akan,New Patriotic Party (NPP)
GHA1261,Rural,Western,Ewe_Ga,National Democratic Congress (NDC)
GHA1262,Rural,Western,Ewe_Ga,National Democratic Congress (NDC)
GHA1265,Rural,Western,Ewe_Ga,National Democratic Congress (NDC)
GHA1270,Urban,Brong-Ahafo,Akan,National Democratic Congress (NDC)
GHA1274,Urban,Eastern,Akan,New Patriotic Party (NPP)
GHA1275,Urban,Brong-Ahafo,Akan,National Democratic Congress (NDC)
GHA1283,Urban,Ashanti,Akan,New Patriotic Party (NPP)
GHA1292,Urban,Central,Akan,National Democratic Congress (NDC)
GHA1295,Rural,Eastern,Akan,National Democratic Congress (NDC)
GHA1299,Urban,Central,Akan,National Democratic Congress (NDC)
GHA1300,Rural,Eastern,Akan,National Democratic Congress (NDC)
GHA1301,Rural,Eastern,Akan,New Patriotic Party (NPP)
GHA1306,Urban,Brong-Ahafo,Akan,National Democratic Congress (NDC)
GHA1307,Urban,Brong-Ahafo,Akan,National Democratic Congress (NDC)
GHA1315,Urban,Eastern,Ewe_Ga,New Patriotic Party (NPP)
GHA1325,Rural,Eastern,Akan,New Patriotic Party (NPP)
GHA1327,Urban,Central,Akan,National Democratic Congress (NDC)
GHA1329,Urban,Central,Akan,National Democratic Congress (NDC)
GHA1330,Urban,Central,Akan,National Democratic Congress (NDC)
GHA1331,Urban,Eastern,Akan,New Patriotic Party (NPP)
GHA1333,Rural,Eastern,Akan,New Patriotic Party (NPP)
GHA1343,Rural,Ashanti,Akan,New Patriotic Party (NPP)
GHA1355,Urban,Ashanti,Akan,New Patriotic Party (NPP)
GHA1361,Urban,Central,Akan,National Democratic Congress (NDC)
GHA1366,Rural,Ashanti,Akan,National Democratic Congress (NDC)
GHA1370,Rural,Ashanti,Ewe_Ga,National Democratic Congress (NDC)
GHA1371,Rural,Brong-Ahafo,Akan,New Patriotic Party (NPP)
GHA1375,Rural,Brong-Ahafo,Akan,National Democratic Congress (NDC)
GHA1376,Rural,Brong-Ahafo,Akan,National Democratic Congress (NDC)
GHA1379,Rural,Brong-Ahafo,Akan,National Democratic Congress (NDC)
GHA1382,Rural,Brong-Ahafo,Akan,National Democratic Congress (NDC)
GHA1384,Urban,Ashanti,Akan,New Patriotic Party (NPP)
GHA1388,Urban,Ashanti,Akan,New Patriotic Party (NPP)
GHA1389,Rural,Brong-Ahafo,Akan,National Democratic Congress (NDC)
GHA1390,Rural,Brong-Ahafo,Akan,New Patriotic Party (NPP)
GHA1392,Rural,Ashanti,Akan,New Patriotic Party (NPP)
GHA1397,Urban,Ashanti,Akan,New Patriotic Party (NPP)
GHA1398,Rural,Brong-Ahafo,Akan,New Patriotic Party (NPP)
GHA1399,Rural,Brong-Ahafo,Akan,National Democratic Congress (NDC)
GHA1404,Urban,Western,Akan,National Democratic Congress (NDC)
GHA1405,Urban,Central,Ewe_Ga,New Patriotic Party (NPP)
GHA1418,Rural,Eastern,Akan,National Democratic Congress (NDC)
GHA1420,Rural,Eastern,Akan,National Democratic Congress (NDC)
GHA1425,Rural,Brong-Ahafo,Akan,New Patriotic Party (NPP)
GHA1429,Urban,Central,Akan,National Democratic Congress (NDC)
GHA1430,Urban,Greater Accra,Akan,National Democratic Congress (NDC)
GHA1431,Rural,Ashanti,Akan,National Democratic Congress (NDC)
GHA1433,Rural,Ashanti,Ewe_Ga,National Democratic Congress (NDC)
GHA1437,Rural,Ashanti,Akan,New Patriotic Party (NPP)
GHA1438,Urban,Eastern,Ewe_Ga,National Democratic Congress (NDC)
GHA1439,Rural,Brong-Ahafo,Akan,New Patriotic Party (NPP)
GHA1443,Urban,Greater Accra,Ewe_Ga,New Patriotic Party (NPP)
GHA1446,Urban,Ashanti,Akan,New Patriotic Party (NPP)
GHA1447,Urban,Greater Accra,Akan,National Democratic Congress (NDC)
GHA1448,Urban,Ashanti,Akan,New Patriotic Party (NPP)
GHA1449,Urban,Ashanti,Akan,National Democratic Congress (NDC)
GHA1459,Urban,Eastern,Ewe_Ga,National Democratic Congress (NDC)
GHA1460,Rural,Ashanti,Akan,National Democratic Congress (NDC)
GHA1462,Rural,Brong-Ahafo,Akan,New Patriotic Party (NPP)
GHA1463,Urban,Greater Accra,Ewe_Ga,National Democratic Congress (NDC)
GHA1465,Rural,Brong-Ahafo,Akan,National Democratic Congress (NDC)
GHA1467,Urban,Greater Accra,Ewe_Ga,National Democratic Congress (NDC)
GHA1469,Urban,Central,Akan,National Democratic Congress (NDC)
GHA1471,Rural,Western,Akan,National Democratic Congress (NDC)
GHA1475,Urban,Greater Accra,Akan,National Democratic Congress (NDC)
GHA1476,Urban,Ashanti,Ewe_Ga,New Patriotic Party (NPP)
GHA1477,Rural,Western,Akan,National Democratic Congress (NDC)
GHA1478,Urban,Ashanti,Akan,New Patriotic Party (NPP)
GHA1481,Urban,Greater Accra,Akan,New Patriotic Party (NPP)
GHA1484,Urban,Central,Akan,National Democratic Congress (NDC)
GHA1485,Rural,Ashanti,Akan,National Democratic Congress (NDC)
GHA1491,Rural,Eastern,Akan,New Patriotic Party (NPP)
GHA1493,Rural,Eastern,Akan,National Democratic Congress (NDC)
GHA1494,Rural,Brong-Ahafo,Akan,National Democratic Congress (NDC)
GHA1498,Rural,Western,Akan,New Patriotic Party (NPP)
GHA1500,Urban,Greater Accra,Akan,National Democratic Congress (NDC)
GHA1506,Urban,Greater Accra,Ewe_Ga,National Democratic Congress (NDC)
GHA1508,Urban,Eastern,Ewe_Ga,New Patriotic Party (NPP)
GHA1516,Rural,Eastern,Akan,National Democratic Congress (NDC)
GHA1534,Urban,Central,Akan,National Democratic Congress (NDC)
GHA1539,Rural,Brong-Ahafo,Akan,National Democratic Congress (NDC)
GHA1540,Rural,Brong-Ahafo,Akan,National Democratic Congress (NDC)
GHA1541,Urban,Ashanti,Akan,New Patriotic Party (NPP)
GHA1542,Urban,Ashanti,Akan,New Patriotic Party (NPP)
GHA1549,Rural,Brong-Ahafo,Akan,New Patriotic Party (NPP)
GHA1550,Rural,Brong-Ahafo,Akan,New Patriotic Party (NPP)
GHA1551,Rural,Brong-Ahafo,Ewe_Ga,New Patriotic Party (NPP)
GHA1556,Urban,Ashanti,Akan,New Patriotic Party (NPP)
GHA1557,Rural,Eastern,Akan,New Patriotic Party (NPP)
GHA1558,Rural,Brong-Ahafo,Akan,New Patriotic Party (NPP)
GHA1559,Urban,Greater Accra,Akan,National Democratic Congress (NDC)
GHA1560,Rural,Eastern,Ewe_Ga,National Democratic Congress (NDC)
GHA1563,Rural,Brong-Ahafo,Akan,New Patriotic Party (NPP)
GHA1564,Rural,Brong-Ahafo,Akan,National Democratic Congress (NDC)
GHA1567,Rural,Brong-Ahafo,Akan,National Democratic Congress (NDC)
GHA1570,Rural,Western,Akan,New Patriotic Party (NPP)
GHA1573,Rural,Western,Ewe_Ga,National Democratic Congress (NDC)
GHA1576,Urban,Ashanti,Akan,New Patriotic Party (NPP)
GHA1579,Urban,Ashanti,Akan,New Patriotic Party (NPP)
GHA1581,Rural,Brong-Ahafo,Akan,National Democratic Congress (NDC)
GHA1584,Urban,Ashanti,Akan,New Patriotic Party (NPP)
GHA1595,Rural,Brong-Ahafo,Akan,National Democratic Congress (NDC)
GHA1599,Rural,Eastern,Ewe_Ga,New Patriotic Party (NPP)
GHA1603,Rural,Western,Akan,National Democratic Congress (NDC)
GHA1605,Urban,Ashanti,Akan,New Patriotic Party (NPP)
GHA1610,Rural,Eastern,Ewe_Ga,National Democratic Congress (NDC)
GHA1611,Urban,Central,Akan,National Democratic Congress (NDC)
GHA1613,Urban,Central,Akan,New Patriotic Party (NPP)
GHA1615,Urban,Central,Akan,New Patriotic Party (NPP)
GHA1618,Urban,Greater Accra,Ewe_Ga,National Democratic Congress (NDC)
GHA1619,Urban,Central,Akan,National Democratic Congress (NDC)
GHA1621,Urban,Ashanti,Akan,New Patriotic Party (NPP)
GHA1622,Urban,Ashanti,Akan,New Patriotic Party (NPP)
GHA1623,Urban,Greater Accra,Ewe_Ga,National Democratic Congress (NDC)
GHA1624,Urban,Ashanti,Akan,New Patriotic Party (NPP)
GHA1626,Urban,Greater Accra,Akan,National Democratic Congress (NDC)
GHA1629,Urban,Greater Accra,Ewe_Ga,National Democratic Congress (NDC)
GHA1630,Urban,Greater Accra,Ewe_Ga,National Democratic Congress (NDC)
GHA1641,Urban,Ashanti,Akan,New Patriotic Party (NPP)
GHA1642,Urban,Ashanti,Akan,New Patriotic Party (NPP)
GHA1644,Rural,Western,Akan,National Democratic Congress (NDC)
GHA1645,Rural,Western,Akan,National Democratic Congress (NDC)
GHA1656,Urban,Greater Accra,Ewe_Ga,National Democratic Congress (NDC)
GHA1657,Urban,Central,Akan,New Patriotic Party (NPP)
GHA1660,Urban,Ashanti,Akan,New Patriotic Party (NPP)
GHA1672,Urban,Greater Accra,Ewe_Ga,National Democratic Congress (NDC)
GHA1674,Urban,Eastern,Akan,New Patriotic Party (NPP)
GHA1675,Urban,Greater Accra,Ewe_Ga,National Democratic Congress (NDC)
GHA1680,Urban,Greater Accra,Akan,New Patriotic Party (NPP)
GHA1695,Urban,Eastern,Akan,New Patriotic Party (NPP)
GHA1697,Urban,Greater Accra,Akan,New Patriotic Party (NPP)
GHA1698,Urban,Eastern,Akan,New Patriotic Party (NPP)
GHA1700,Urban,Greater Accra,Akan,New Patriotic Party (NPP)
GHA1704,Urban,Greater Accra,Ewe_Ga,National Democratic Congress (NDC)
GHA1707,Urban,Greater Accra,Ewe_Ga,National Democratic Congress (NDC)
GHA1709,Urban,Ashanti,Akan,New Patriotic Party (NPP)
GHA1712,Urban,Ashanti,Akan,New Patriotic Party (NPP)
GHA1718,Urban,Eastern,Akan,New Patriotic Party (NPP)
GHA1720,Urban,Central,Akan,National Democratic Congress (NDC)
GHA1724,Urban,Central,Akan,New Patriotic Party (NPP)
GHA1726,Urban,Greater Accra,Akan,New Patriotic Party (NPP)
GHA1728,Urban,Ashanti,Akan,New Patriotic Party (NPP)
GHA1737,Urban,Central,Ewe_Ga,National Democratic Congress (NDC)
GHA1738,Urban,Ashanti,Akan,New Patriotic Party (NPP)
GHA1739,Urban,Ashanti,Akan,New Patriotic Party (NPP)
GHA1744,Urban,Ashanti,Akan,New Patriotic Party (NPP)
GHA1747,Urban,Greater Accra,Ewe_Ga,National Democratic Congress (NDC)
GHA1750,Urban,Greater Accra,Akan,National Democratic Congress (NDC)
GHA1751,Urban,Central,Akan,National Democratic Congress (NDC)
GHA1754,Rural,Eastern,Akan,New Patriotic Party (NPP)
GHA1760,Urban,Central,Akan,National Democratic Congress (NDC)
GHA1766,Urban,Greater Accra,Akan,New Patriotic Party (NPP)
GHA1768,Rural,Eastern,Akan,New Patriotic Party (NPP)
GHA1772,Urban,Greater Accra,Akan,National Democratic Congress (NDC)
GHA1777,Rural,Western,Akan,New Patriotic Party (NPP)
GHA1784,Urban,Greater Accra,Akan,National Democratic Congress (NDC)
GHA1794,Rural,Western,Akan,New Patriotic Party (NPP)
GHA1796,Rural,Western,Akan,National Democratic Congress (NDC)
GHA1797,Rural,Western,Akan,New Patriotic Party (NPP)
GHA1802,Rural,Western,Akan,New Patriotic Party (NPP)
GHA1804,Urban,Ashanti,Akan,New Patriotic Party (NPP)
GHA1805,Urban,Ashanti,Akan,New Patriotic Party (NPP)
GHA1806,Rural,Central,Ewe_Ga,National Democratic Congress (NDC)
GHA1809,Urban,Ashanti,Ewe_Ga,New Patriotic Party (NPP)
GHA1810,Rural,Central,Akan,National Democratic Congress (NDC)
GHA1811,Urban,Greater Accra,Akan,National Democratic Congress (NDC)
GHA1820,Urban,Greater Accra,Ewe_Ga,National Democratic Congress (NDC)
GHA1821,Rural,Central,Akan,National Democratic Congress (NDC)
GHA1822,Urban,Greater Accra,Akan,National Democratic Congress (NDC)
GHA1825,Rural,Eastern,Akan,National Democratic Congress (NDC)
GHA1826,Urban,Ashanti,Akan,New Patriotic Party (NPP)
GHA1828,Urban,Greater Accra,Ewe_Ga,National Democratic Congress (NDC)
GHA1829,Urban,Ashanti,Akan,New Patriotic Party (NPP)
GHA1832,Urban,Eastern,Ewe_Ga,New Patriotic Party (NPP)
GHA1834,Urban,Eastern,Ewe_Ga,New Patriotic Party (NPP)
GHA1838,Urban,Greater Accra,Ewe_Ga,National Democratic Congress (NDC)
GHA1849,Urban,Ashanti,Akan,New Patriotic Party (NPP)
GHA1857,Urban,Eastern,Akan,National Democratic Congress (NDC)
GHA1860,Urban,Greater Accra,Ewe_Ga,National Democratic Congress (NDC)
GHA1861,Urban,Eastern,Ewe_Ga,National Democratic Congress (NDC)
GHA1862,Urban,Eastern,Akan,New Patriotic Party (NPP)
GHA1874,Urban,Ashanti,Akan,New Patriotic Party (NPP)
GHA1875,Urban,Ashanti,Akan,New Patriotic Party (NPP)
GHA1876,Urban,Ashanti,Akan,New Patriotic Party (NPP)
GHA1879,Urban,Ashanti,Akan,New Patriotic Party (NPP)
GHA1880,Urban,Ashanti,Akan,New Patriotic Party (NPP)
GHA1886,Urban,Eastern,Akan,New Patriotic Party (NPP)
GHA1893,Urban,Ashanti,Akan,New Patriotic Party (NPP)
GHA1894,Urban,Greater Accra,Akan,National Democratic Congress (NDC)
GHA1901,Urban,Ashanti,Akan,New Patriotic Party (NPP)
GHA1909,Urban,Greater Accra,Ewe_Ga,National Democratic Congress (NDC)
GHA1916,Urban,Greater Accra,Ewe_Ga,National Democratic Congress (NDC)
GHA1917,Urban,Eastern,Akan,National Democratic Congress (NDC)
GHA1925,Urban,Central,Akan,New Patriotic Party (NPP)
GHA1934,Rural,Western,Akan,New Patriotic Party (NPP)
GHA1945,Urban,Central,Akan,National Democratic Congress (NDC)
GHA1949,Urban,Eastern,Ewe_Ga,National Democratic Congress (NDC)
GHA1958,Rural,Eastern,Akan,New Patriotic Party (NPP)
GHA1961,Urban,Greater Accra,Ewe_Ga,National Democratic Congress (NDC)
GHA1966,Urban,Ashanti,Akan,New Patriotic Party (NPP)
GHA1969,Urban,Ashanti,Akan,New Patriotic Party (NPP)
GHA1970,Urban,Greater Accra,Ewe_Ga,New Patriotic Party (NPP)
GHA1972,Urban,Ashanti,Akan,New Patriotic Party (NPP)
GHA1977,Rural,Eastern,Ewe_Ga,National Democratic Congress (NDC)
GHA1981,Urban,Ashanti,Akan,New Patriotic Party (NPP)
GHA1985,Urban,Greater Accra,Akan,National Democratic Congress (NDC)
GHA1987,Rural,Eastern,Ewe_Ga,National Democratic Congress (NDC)
GHA1988,Urban,Ashanti,Akan,New Patriotic Party (NPP)
GHA1991,Urban,Ashanti,Akan,New Patriotic Party (NPP)
GHA2002,Urban,Greater Accra,Akan,New Patriotic Party (NPP)
GHA2004,Urban,Ashanti,Akan,New Patriotic Party (NPP)
GHA2009,Rural,Eastern,Akan,National Democratic Congress (NDC)
GHA2010,Urban,Greater Accra,Ewe_Ga,New Patriotic Party (NPP)
GHA2012,Rural,Eastern,Akan,New Patriotic Party (NPP)
GHA2017,Rural,Eastern,Ewe_Ga,New Patriotic Party (NPP)
GHA2021,Urban,Central,Akan,New Patriotic Party (NPP)
GHA2023,Rural,Eastern,Ewe_Ga,National Democratic Congress (NDC)
GHA2027,Urban,Ashanti,Ewe_Ga,National Democratic Congress (NDC)
GHA2029,Urban,Greater Accra,Akan,National Democratic Congress (NDC)
GHA2057,Urban,Greater Accra,Ewe_Ga,National Democratic Congress (NDC)
GHA2058,Rural,Eastern,Akan,National Democratic Congress (NDC)
GHA2060,Urban,Greater Accra,Akan,New Patriotic Party (NPP)
GHA2063,Urban,Greater Accra,Ewe_Ga,National Democratic Congress (NDC)
GHA2064,Urban,Western,Akan,National Democratic Congress (NDC)
GHA2065,Urban,Ashanti,Akan,National Democratic Congress (NDC)
GHA2067,Rural,Eastern,Akan,National Democratic Congress (NDC)
GHA2068,Rural,Eastern,Ewe_Ga,National Democratic Congress (NDC)
GHA2078,Urban,Central,Akan,National Democratic Congress (NDC)
GHA2082,Urban,Central,Akan,New Patriotic Party (NPP)
GHA2089,Urban,Ashanti,Akan,National Democratic Congress (NDC)
GHA2102,Rural,Western North,Akan,National Democratic Congress (NDC)
GHA2108,Urban,Central,Ewe_Ga,National Democratic Congress (NDC)
GHA2109,Rural,Eastern,Ewe_Ga,National Democratic Congress (NDC)
GHA2111,Urban,Central,Ewe_Ga,National Democratic Congress (NDC)
GHA2114,Urban,Ashanti,Akan,National Democratic Congress (NDC)
GHA2115,Rural,Eastern,Akan,National Democratic Congress (NDC)
GHA2116,Rural,Eastern,Ewe_Ga,National Democratic Congress (NDC)
GHA2117,Urban,Central,Akan,New Patriotic Party (NPP)
GHA2119,Rural,Western North,Akan,National Democratic Congress (NDC)
GHA2120,Urban,Ashanti,Akan,New Patriotic Party (NPP)
GHA2121,Rural,Western North,Akan,New Patriotic Party (NPP)
GHA2130,Rural,Ashanti,Akan,New Patriotic Party (NPP)
GHA2131,Rural,Ashanti,Akan,New Patriotic Party (NPP)
GHA2136,Rural,Western North,Akan,National Democratic Congress (NDC)
GHA2137,Urban,Central,Akan,National Democratic Congress (NDC)
GHA2142,Urban,Greater Accra,Akan,National Democratic Congress (NDC)
GHA2148,Urban,Greater Accra,Akan,New Patriotic Party (NPP)
GHA2154,Urban,Greater Accra,Akan,National Democratic Congress (NDC)
GHA2164,Urban,Ashanti,Akan,New Patriotic Party (NPP)
GHA2166,Urban,Ashanti,Akan,New Patriotic Party (NPP)
GHA2170,Rural,Ashanti,Akan,New Patriotic Party (NPP)
GHA2175,Urban,Central,Akan,National Democratic Congress (NDC)
GHA2177,Rural,Eastern,Ewe_Ga,National Democratic Congress (NDC)
GHA2179,Urban,Greater Accra,Akan,New Patriotic Party (NPP)
GHA2181,Urban,Central,Akan,New Patriotic Party (NPP)
GHA2185,Urban,Greater Accra,Akan,New Patriotic Party (NPP)
GHA2189,Urban,Ashanti,Ewe_Ga,National Democratic Congress (NDC)
GHA2193,Rural,Eastern,Ewe_Ga,National Democratic Congress (NDC)
GHA2194,Rural,Eastern,Ewe_Ga,New Patriotic Party (NPP)
GHA2195,Rural,Greater Accra,Ewe_Ga,National Democratic Congress (NDC)
GHA2196,Rural,Greater Accra,Ewe_Ga,National Democratic Congress (NDC)
GHA2197,Rural,Eastern,Akan,New Patriotic Party (NPP)
GHA2199,Rural,Greater Accra,Ewe_Ga,National Democratic Congress (NDC)
GHA2200,Rural,Greater Accra,Ewe_Ga,National Democratic Congress (NDC)
GHA2205,Rural,Greater Accra,Ewe_Ga,National Democratic Congress (NDC)
GHA2207,Rural,Greater Accra,Ewe_Ga,National Democratic Congress (NDC)
GHA2209,Rural,Eastern,Ewe_Ga,New Patriotic Party (NPP)
GHA2210,Urban,Greater Accra,Akan,New Patriotic Party (NPP)
GHA2218,Urban,Central,Akan,National Democratic Congress (NDC)
GHA2222,Urban,Ashanti,Akan,New Patriotic Party (NPP)
GHA2225,Urban,Greater Accra,Ewe_Ga,New Patriotic Party (NPP)
GHA2226,Urban,Central,Akan,National Democratic Congress (NDC)
GHA2231,Urban,Ashanti,Akan,New Patriotic Party (NPP)
GHA2232,Urban,Ashanti,Akan,New Patriotic Party (NPP)
GHA2233,Urban,Ashanti,Akan,New Patriotic Party (NPP)
GHA2239,Urban,Central,Ewe_Ga,National Democratic Congress (NDC)
GHA2243,Urban,Central,Ewe_Ga,National Democratic Congress (NDC)
GHA2246,Urban,Ashanti,Akan,New Patriotic Party (NPP)
GHA2247,Urban,Eastern,Akan,New Patriotic Party (NPP)
GHA2248,Urban,Eastern,Akan,National Democratic Congress (NDC)
GHA2261,Urban,Central,Akan,National Democratic Congress (NDC)
GHA2267,Urban,Eastern,Ewe_Ga,National Democratic Congress (NDC)
GHA2268,Urban,Eastern,Ewe_Ga,New Patriotic Party (NPP)
GHA2270,Urban,Central,Akan,New Patriotic Party (NPP)
GHA2271,Urban,Greater Accra,Akan,National Democratic Congress (NDC)
GHA2279,Urban,Eastern,Akan,New Patriotic Party (NPP)
GHA2280,Urban,Eastern,Ewe_Ga,National Democratic Congress (NDC)
GHA2285,Urban,Greater Accra,Ewe_Ga,National Democratic Congress (NDC)
GHA2286,Urban,Greater Accra,Ewe_Ga,National Democratic Congress (NDC)
GHA2287,Urban,Greater Accra,Ewe_Ga,National Democratic Congress (NDC)
GHA2288,Urban,Greater Accra,Akan,New Patriotic Party (NPP)
GHA2295,Urban,Greater Accra,Ewe_Ga,National Democratic Congress (NDC)
GHA2297,Urban,Central,Ewe_Ga,National Democratic Congress (NDC)
GHA2298,Urban,Greater Accra,Akan,New Patriotic Party (NPP)
GHA2303,Urban,Eastern,Ewe_Ga,New Patriotic Party (NPP)
GHA2306,Rural,Brong-Ahafo,Akan,New Patriotic Party (NPP)
GHA2308,Rural,Brong-Ahafo,Akan,National Democratic Congress (NDC)
GHA2313,Urban,Greater Accra,Akan,National Democratic Congress (NDC)
GHA2314,Rural,Brong-Ahafo,Akan,New Patriotic Party (NPP)
GHA2319,Urban,Central,Akan,New Patriotic Party (NPP)
GHA2322,Rural,Greater Accra,Ewe_Ga,New Patriotic Party (NPP)
GHA2325,Rural,Greater Accra,Ewe_Ga,National Democratic Congress (NDC)
GHA2326,Urban,Central,Akan,National Democratic Congress (NDC)
GHA2335,Rural,Greater Accra,Ewe_Ga,National Democratic Congress (NDC)
GHA2336,Rural,Greater Accra,Ewe_Ga,National Democratic Congress (NDC)
GHA2337,Rural,Greater Accra,Ewe_Ga,New Patriotic Party (NPP)
GHA2340,Urban,Eastern,Akan,National Democratic Congress (NDC)
GHA2342,Urban,Central,Akan,National Democratic Congress (NDC)
GHA2344,Urban,Greater Accra,Akan,National Democratic Congress (NDC)
GHA2346,Urban,Greater Accra,Ewe_Ga,New Patriotic Party (NPP)
GHA2347,Urban,Central,Akan,New Patriotic Party (NPP)
GHA2348,Urban,Central,Akan,New Patriotic Party (NPP)
GHA2353,Urban,Greater Accra,Akan,New Patriotic Party (NPP)
GHA2354,Urban,Greater Accra,Akan,New Patriotic Party (NPP)
GHA2356,Urban,Greater Accra,Ewe_Ga,National Democratic Congress (NDC)
GHA2358,Urban,Greater Accra,Akan,National Democratic Congress (NDC)
GHA2362,Urban,Central,Akan,National Democratic Congress (NDC)
GHA2368,Urban,Greater Accra,Akan,New Patriotic Party (NPP)
GHA2369,Urban,Greater Accra,Ewe_Ga,New Patriotic Party (NPP)
GHA2372,Urban,Central,Akan,New Patriotic Party (NPP)
GHA2374,Urban,Central,Ewe_Ga,National Democratic Congress (NDC)
GHA2375,Urban,Greater Accra,Ewe_Ga,National Democratic Congress (NDC)
GHA2378,Urban,Greater Accra,Akan,New Patriotic Party (NPP)
GHA2379,Urban,Central,Akan,New Patriotic Party (NPP)
GHA2380,Urban,Central,Akan,New Patriotic Party (NPP)
GHA2381,Urban,Central,Akan,National Democratic Congress (NDC)
GHA2382,Urban,Greater Accra,Akan,New Patriotic Party (NPP)
GHA2384,Urban,Greater Accra,Ewe_Ga,National Democratic Congress (NDC)
GHA2388,Urban,Greater Accra,Ewe_Ga,National Democratic Congress (NDC)
GHA2390,Urban,Greater Accra,Akan,New Patriotic Party (NPP)
GHA2393,Urban,Greater Accra,Akan,New Patriotic Party (NPP)
GHA2395,Urban,Greater Accra,Ewe_Ga,National Democratic Congress (NDC)
GHA2396,Urban,Greater Accra,Ewe_Ga,New Patriotic Party (NPP)
GHA2399,Urban,Greater Accra,Akan,National Democratic Congress (NDC)
GHA2400,Rural,Western,Ewe_Ga,New Patriotic Party (NPP)
GHA2401,Rural,Western North,Ewe_Ga,New Patriotic Party (NPP)
