id8102,year,poor_support,rich_support,success,question_text
3,1981,0.625172496,0.7516785860061646,1,"Now let me ask you about a number of specific things Presdent Reagan said he wants to do. For each, tell me if you favor or oppose it. READ EACH ITEM Item: His call to cut the school lunch program by 1.6 billion dollars by eliminating free school lunches for children of families who can afford to pay"
14,1981,0.539135218,0.752394974,1,"Now let me ask you about a number of specific things Presdent Reagan said he wants to do. For each, tell me if you favor or oppose it. READ EACH ITEM Item: His wanting to cut the food stamp program by 1.8 billion dollars"
15,1981,0.4687978625297546,0.6909337043762207,1,"Now let me ask you about a number of specific things Presdent Reagan said he wants to do. For each, tell me if you favor or oppose it. READ EACH ITEM Item: His cutting 1.2 billion dollars for unemployment compensation programs by shortening the time people can receive such benefits"
20,1981,0.6064633131027222,0.8174076080322266,1,"Now let me ask you about a number of specific things Presdent Reagan said he wants to do. For each, tell me if you favor or oppose it. READ EACH ITEM Item: His call to cut federal welfare spending by 520 million dollars"
30,1981,0.3220367431640625,0.3465058803558349,0,"As it works now, Social Security payments, payments to the handicapped and to those on government pensions, and other federal benefits are indexed to rises in the cost of living. As the Consumer Price Index goes up, the amount of benefits goes up by the same percentage. Those who favor this system feel those who get the benefits should not suffer from increases in cost of living. Others feel that by increasing the amount of benefits as prices go up, government spending goes up and that makes inflation still worse. All in all, do you favor or oppose indexing these benefits to the cost of living?"
32,1981,0.7652765512466431,0.757611096,0,"Another proposed way of keeping government benefits in line with the cost of living would be to index the benefits to changes in wages. In other words, benefits would increase according to the annual average rise in wages. If, over the past few years, the benefits had been geared to wage increases rather than price rises, the government would have saved 6.5 billion dollars a year. Would you favor or oppose a new system, under which both price and wage increases would be looked at and the benefits would go up by whichever index went up least?"
47,1981,0.5076991319656372,0.690933347,0,"Let me read you some of the cutbacks the Reagan Administration has proposed on Social Security in order to keep Social Security taxes from rising a great deal. For each, tell me if you favor or oppose that cutback. Item: To encourage people to work longer, the current limit of $5,500 a year on outside income that can be earned without a reduction in Social Security benefits would be gradually raised and finally abolished in 1986"
49,1981,0.618798018,0.7061972618103027,0,"One of the reasons Social Security costs have gone up so much is that benefits are now indexed to go up as prices go up. If Social Security payments had been geared to wage increases rather than price rises, the government would have saved 6.5 billion dollars a year over the past few years. President Reagan is opposed to changing the current system of indexing Social Security payments. Would you favor or oppose changing the way Social Security benefits are indexed, so that both price and wage increases would be looked at and the benefits would go up by whichever index went up least?"
51,1981,0.329927385,0.3889945149421692,0,"Let me read you some of the cutbacks the Reagan Administration has proposed on Social Security in order to keep Social Security taxes from rising a great deal. For each, tell me if you favor or oppose that cutback. Item: By 1987, those retiring at age 65 would receive an average of $692 a month instead of the $719 now received"
88,1981,0.3231949806213379,0.394785464,0,"As you know, there is much discussion about changing Social Security to put that system on a sounder financial basis. Let me ask you about some proposals that have been made for Social Security changes. Would you favor or oppose (READ EACH ITEM)? Item: Changing the age from 65 to 68 that people can go on Social Security with full benefits, by the year 1990"
100,1981,0.088267028,0.1120060682296752,0,"As you know, there is much discussion about changing Social Security to put that system on a sounder financial basis. Let me ask you about some proposals that have been made for Social Security changes. Would you favor or oppose (READ EACH ITEM)? Item: Cutting off the three million people who now receive the minimum Social Security benefit of $122 a month, including those for whom this is the only source of income"
102,1981,0.631818414,0.861571729,0,"Now let me ask you about major federal grant programs. Do you favor cutting federal spending on (READ EACH ITEM) by 50%, 25%, 10%, or hardly at all? Item: Welfare payment grants"
107,1981,0.6674942970275879,0.8744714260101318,1,"Now let me ask you about major federal grant programs. Do you favor cutting federal spending on (READ EACH ITEM) by 50%, 25%, 10%, or hardly at all? Item: Community development programs"
109,1981,0.3514483571052551,0.6123480796813965,0,"Social Security benefits are scheduled to go up by the amount the cost of living has gone up in July 1982. President Reagan has just proposed that this increase not go into effect until October 1982, in order to help balance the federal budget. Because of this delay, a person on Social Security would lose an average of $87 in benefits. Do you favor or oppose putting off the planned increase in Social Security benefits from July to October of 1982 to help balance the federal budget?"
113,1981,0.3513504266738891,0.548265278,1,"Now let me ask you about major federal grant programs. Do you favor cutting federal spending on (READ EACH ITEM) by 50%, 25%, 10%, or hardly at all? Item: School lunch and other child nutrition programs"
118,1981,0.6531639099121094,0.8602640628814697,1,"Now let me ask you about major federal grant programs. Do you favor cutting federal spending on (READ EACH ITEM) by 50%, 25%, 10%, or hardly at all? Item: Subsidized housing"
149,1982,0.4173349738121032,0.5029616355895996,0,"The federal deficit is now estimated to run over 100 billion dollars for this year and next, or even higher. Some Republicans and Democrats in Congress have proposed some tax and spending changes in order to reduce the record federal deficit. To cut the size of the federal deficit, would you favor or oppose (READ EACH ITEM)? Item: Limiting increases in Social Security, veterans’, and federal military and civilian retirement benefits to no more than 3% a year for the next few years"
182,1982,0.3477392196655273,0.3534668684005737,0,"President Reagan also proposed a program called “”The New Federalism,”” under which many federal programs would be turned over to the states. Please tell me whether you favor or oppose each of the following specific proposals. READ EACH ITEM Item: If state or local officials don’t want to use the money they would receive from the federal government for welfare, food stamps, or other programs, they would be able to use that money for any other purpose they think it ought to be used for"
183,1982,0.5486671924591064,0.7424566745758057,0,"President Reagan also proposed a program called “”The New Federalism,”” under which many federal programs would be turned over to the states. Please tell me whether you favor or oppose each of the following specific proposals. READ EACH ITEM Item: The federal government would turn over all federal food stamp and welfare programs to the states by 1984"
186,1982,0.6708478927612305,0.7552527189254761,0,"President Reagan also proposed a program called “”The New Federalism,”” under which many federal programs would be turned over to the states. Please tell me whether you favor or oppose each of the following specific proposals. READ EACH ITEM Item: To help pay for food stamps, welfare, and other programs, the federal government would turn over to state and local government 28 billion dollars in taxes each year"
208,1982,0.4185284972190857,0.5988520383834839,0,"Some Republicans and Democrats in Congress have proposed some spending and tax changes in order to reduce the record federal deficit. To cut the size of the federal deficit, would you favor or oppose (READ EACH ITEM)? Item: Limiting increases in Social Security, veterans’, and federal military and civilian retirement benefits to 3% for the next year"
213,1982,0.8332152962684631,0.602912188,0,"As you know, Congress has been voting on a budget for next year. They want to try to keep the federal deficit as low as possible, but also provide for those groups who are in real trouble because of the state of the economy. Let me read you some measures that are not now in the proposed budget. Would you favor or oppose (READ EACH ITEM)? Item: Providing federal money to give new home buyers lower mortgage rates"
216,1982,0.7237217426300049,0.4613040685653686,1,"As you know, Congress has been voting on a budget for next year. They want to try to keep the federal deficit as low as possible, but also provide for those groups who are in real trouble because of the state of the economy. Let me read you some measures that are not now in the proposed budget. Would you favor or oppose (READ EACH ITEM)? Item: Extending unemployment compensation benefits for those who have run out of benefits"
221,1982,0.2026305794715881,0.3235031366348266,1,"Do you favor or oppose (READ EACH ITEM)? Item: Keeping Social Security benefits as they are now, even if it means having to raise Social Security taxes"
232,1982,0.4746850728988647,0.4116394519805908,1,"Congress is in the process of passing a new bill to raise taxes. Let me read you some of the major tax provisions that have been considered. For each, tell me if you favor or oppose that tax. READ EACH ITEM Item: Raising the tax on employers that pay for unemployment compensation by about $1.20 a month for each worker"
239,1982,0.9261575937271118,0.8488600850105286,0,"Now let me ask you about some programs that have been suggested that Congress might pass to help create jobs for the unemployed. For each, tell me if you would favor or oppose such a job program? Item: Since our highways, bridges, tunnels, sewage systems, and other basic public facilities are badly in need of being repaired and modernized, one million unemployed workers in the construction, auto, steel, and other industries could be employed in a federal public works program to rebuild these public facilities"
251,1982,0.6361133456230164,0.512647808,0,"Now let me ask you about some programs that have been suggested that Congress might pass to help create jobs for the unemployed. For each, tell me if you would favor or oppose such a job program? Item: Allowing workers who take part-time jobs to also receive partial unemployment compensation, which is not allowed under the law today"
258,1983,0.638939619,0.7403922080993652,0,"Recently, a special National Commission on Social Security Reform made a series of recommendations for changes in Social Security in order to put that system on a healthier financial basis. Let me ask you about some of the major recommendations that were made and that Congress is now considering. Do you favor or oppose (READ EACH ITEM)? Item: Basing cost-of-living adjustments on increases in either wages or prices, whichever is lower"
260,1983,0.5096307992935181,0.4997138381004333,1,"Recently, a special National Commission on Social Security Reform made a series of recommendations for changes in Social Security in order to put that system on a healthier financial basis. Let me ask you about some of the major recommendations that were made and that Congress is now considering. Do you favor or oppose (READ EACH ITEM)? Item: For the first time, taxing Social Security benefits for all individuals now earning $20,000 or more a year, and, in the case of married couple, all who make a combined income of $25,000 or more"
263,1983,0.4132766723632812,0.4610920548439026,1,"Recently, a special National Commission on Social Security Reform made a series of recommendations for changes in Social Security in order to put that system on a healthier financial basis. Let me ask you about some of the major recommendations that were made and that Congress is now considering. Do you favor or oppose (READ EACH ITEM)? Item: Moving up the increase in Social Security payroll taxes due to start in 1985 to begin earlier in 1984"
264,1983,0.3368663787841797,0.5039768815040588,1,"Recently, a special National Commission on Social Security Reform made a series of recommendations for changes in Social Security in order to put that system on a healthier financial basis. Let me ask you about some of the major recommendations that were made and that Congress is now considering. Do you favor or oppose (READ EACH ITEM)? Item: Delaying payment of the next cost-of-living adjustment for those now on Social Security from this July to January of next year"
320,1983,0.1295600533485412,0.2844362258911133,0,"In order to reduce the federal deficit, would you favor or oppose (READ EACH ITEM)? Item: Cutting federal spending on entitlement programs, such as Social Security, Medicare, Medicaid, and federal employee retirement benefits."
360,1985,0.2558864951133728,0.5156214237213135,0,"It has been suggested that one way to cut the federal deficit is to put a limit on cost-of-living allowances that are now given to those who receive benefits through Social Security and other programs. Would you favor or oppose strictly limiting cost-of-living allowances on (READ EACH ITEM) to 2%, even if the cost of living goes up more than that? Item: Federal civilian and military pension programs"
362,1985,0.1855033040046692,0.3863598704338074,0,"It has been suggested that one way to cut the federal deficit is to put a limit on cost-of-living allowances that are now given to those who receive benefits through Social Security and other programs. Would you favor or oppose strictly limiting cost-of-living allowances on (READ EACH ITEM) to 2%, even if the cost of living goes up more than that? Item: Veterans’ pension programs"
370,1985,0.1349276900291443,0.2957575917243957,0,"It has been suggested that one way to cut the federal deficit is to put a limit on cost-of-living allowances that are now given to those who receive benefits through Social Security and other programs. Would you favor or oppose strictly limiting cost-of-living allowances on (READ EACH ITEM) to 2%, even if the cost of living goes up more than that? Item: Social Security"
417,1985,0.4460926651954651,0.4685465097427368,0,"Finally, let me ask you about some late compromises that have been suggested to work out the differences between the House and the Senate budget plans.  For each, tell me if you would favor or oppose that compromise.  (READ EACH ITEM) Item: Go to a new system under which the benefits for Social Security, veterans benefits, and other such programs, would remain the same for a whole year no matter how much inflation goes up, and then would be adjusted by inflation the next year.  In other words, the cost-of-living adjustment would be made every other year instead of every year as it is now"
551,1988,0.7789834141731262,0.6090661287307739,1,"Recently, several alternative programs have been put forth to help families in America cope with child care costs and burdens.  Would you favor or oppose (READ EACH ITEM)? Item: The program proposed by the Democrats in Congress, in which direct financial assistance is given to families, who earn below the state median income, to pay for child care services for children up to age 15. This act would also provide funding to upgrade salaries and provide training for child care workers, and make money available for low cost loans to upgrade child care facilities so that they’ll be in compliance with licensing requirements"
552,1988,0.7791532278060913,0.7406958937644958,1,"Recently, several alternative programs have been put forth to help families in America cope with child care costs and burdens.  Would you favor or oppose (READ EACH ITEM)? Item: The program proposed by President Elect Bush, in which families with children under 4 would receive tax credits up to $1,000, with the amount of credit received decreasing as the family’s income goes up. Poor families who pay little or no tax would receive refundable credit for child care expenses"
612,1991,0.7520403861999512,0.5938131809234619,1,Would you favor of oppose (READ EACH ITEM) as something that should be done to help people hurt by the recession? Item: Expanding the length of time unemployed workers can receive unemployment compensation
615,1991,0.6889708638191223,0.5499451756477356,0,"The federal payroll tax is used to finance the Social Security system and every working person who is covered by Social Security pays it. Would you favor or oppose cutting the payroll taxes of those families and individuals earning $60,000 or lower and increasing the payroll taxes of those families and individuals earning over $60,000?"
632,1991,0.3110331296920776,0.3348202109336853,0,"The federal government now supports about 4,000 domestic programs. Would you favor or oppose abolishing (READ EACH ITEM) or not? Item: Food stamps"
636,1991,0.3812741041183471,0.3088255524635315,1,"The federal government now supports about 4,000 domestic programs. Would you favor or oppose abolishing (READ EACH ITEM) or not? Item: Subsidized mortgages for first-time home-buyers"
670,1992,0.068639755,0.05502975,0,(Here is a list of changes many people would like to make in the current welfare system. Do you favor or oppose that change?)... Eliminate all welfare programs entirely
690,1992,0.4032520055770874,0.2736426591873169,0,"Would you favor or oppose increasing the taxes on Social Security benefits of elderly Americans earning$ 25,000 or more in order to help reduce the federal budget deficit? (If favor or oppose) Do you (favor/oppose) this strongly or (favor/oppose) this somewhat?"
694,1992,0.6647469997406006,0.6250885725021362,0,"(I'm going to read some proposals that have been made to reduce the federal budget deficit. For each one, please tell me whether you generally favor or oppose it.)... Raising taxes on Social Security benefits for people with incomes over$ 50,000"
697,1993,0.4231768846511841,0.3912620544433594,0, Would you favor or oppose increasing the taxes on the Social Security benefits of middle and upper income elderly Americans in order to help reduce the federal budget deficit? (If favor or oppose) Do you (favor/oppose) that strongly or (favor/oppose) somewhat?
706,1993,0.3944334983825683,0.3820537328720093,0," Currently, people who have retired pay tax on a portion of their Social Security payments if they have an income over$ 25,000 if they live alone or over$ 32,000 if they are married. Would you favor or oppose increasing the tax that these retirees pay on their Social Security benefits in order to reduce the federal budget deficit?"
708,1993,0.5609644055366516,0.4421137571334839,0," (Please tell me whether you generally favor or oppose each of the following proposals that are included in (President Bill) Clinton's (economic) plan.)... Raising taxes on Social Security benefits received by individuals making over $ 25,000, and by couples making over$ 32,000."
715,1993,0.4262576699256897,0.4896765351295471,0," (I'm going to mention some specific things President (Bill) Clinton proposed in his economic address (to Congress February 17, 1993) as part of his program to improve the nation's economy and reduce the federal budget deficit. For each, would you please tell me if you favor or oppose this particular part of his proposal.)... In order to help reduce the federal budget deficit, Clinton proposed increasing taxes on the Social Security benefits of elderly retirees who earn$ 25,000 or more a year and of elderly couples who earn$ 32,000 or more a year? Do you favor or oppose this part of Clinton's economic program? (If favor or oppose) Is that (favor/oppose) strongly or (favor/oppose) somewhat?"
733,1992,0.9259682893753052,0.9359450936317444,0,"(Here is a list of changes many people would like to make in the current welfare system. For each idea I read, please tell me whether you favor or oppose that change.)... Spend extra money to provide free day care to allow poor mothers to work or take classes during the day"
734,1992,0.6081088781356812,0.4913524985313415,0,"(Here is a list of changes many people would like to make in the current welfare system. For each idea I read, please tell me whether you favor or oppose that change.)... Guarantee that welfare pay the same amount to poor people in all 50 states, even if this requires some states to increase or decrease the amount they spend on welfare"
735,1992,0.7465537786483765,0.6758676767349243,0,"(Here is a list of changes many people would like to make in the current welfare system. For each idea I read, please tell me whether you favor or oppose that change.)... Replace welfare with a system of guaranteed public jobs"
738,1992,0.8467279672622681,0.8845236301422119,0,"Here is a list of changes many people would like to make in the current welfare system. For each idea I read, please tell me whether you favor or oppose that change.... Require all able-bodied people on welfare, including women with small children, to work or learn a job skill"
740,1993,0.4726035594940185,0.393800676,0," I am going to read some economic proposals being considered by the (President Bill) Clinton administration. For each one, please tell me whether you would favor or oppose it being included in Clinton's economic plan.... Raising taxes on Social Security benefits received by individuals making over$ 25,000, and by couples making over$ 32,000"
757,1993,0.3030007481575012,0.3320264816284179,0," Currently, people who have retired pay tax on a portion of their Social Security payments if they have an income over$ 34,000 if they live alone or over$ 44,000 if they are married. Would you favor or oppose increasing the tax that these retirees pay on their Social Security benefits in order to reduce the federal budget deficit?"
764,1992,0.807339072,0.70697844,0,A proposal has been made to make federally subsidized child care available for all children from households with one parent or where both parents work. Do you favor or oppose this proposal?
794,1993,0.7733125686645508,0.8383426666259766,1, Do you favor or oppose limiting the time families can be in the welfare or Aid for Families with Dependent Children program?
807,1993,0.5129079818725586,0.4275819659233093,0, I'm going to name some of the specifics in the economic plan (President Bill Clinton's). For each one please tell me whether you support or oppose that part of the plan:... raising the tax on Social Security benefits for retired couples whose income is over 44 thousand dollars a year
831,1994,0.4156684875488281,0.3213474154472351,0," Do you favor or oppose a proposal that would end all welfare benefits for unmarried mothers under age 21 and their children, and would turn the savings over to the states for programs to care for their children in group homes and orphanages?"
856,1994,0.6644150018692017,0.6367146968841553,1," (Please tell me whether you would generally favor or oppose each of the following proposals which some people have made to reduce crime.)... Providing local communities with federal tax money to provide social programs and activities for low-income children, such as midnight basketball."
860,1994,0.708541751,0.7062156796455383,0," (Here are some education programs currently being advanced by the federal government. As I read off each program, would you tell me whether you favor or oppose it?)...a large increase in funds for early childhood education in those public schools with the highest percentage of children living in poverty."
874,1993,0.478668213,0.4473878145217895,0," I'm going to name some of the specifics in (President Bill) Clinton's orders to cut costs in the federal government. For each one, please tell me if you support or oppose it. How about... raising the tax on Social Security benefits for retired couples whose income is over 32 thousand dollars a year? Do you support or oppose it?"
885,1994,0.9191150069236756,0.930838406,1, (Now here are some possible changes to the welfare system. Please tell me whether you would favor or oppose each one.)... Provide job training to teach welfare recipients new skills.
886,1994,0.6754597425460815,0.4818058013916015,0, (Now here are some possible changes to the welfare system. Please tell me whether you would favor or oppose each one.)... Provide a government-paid job to welfare recipients when there are not enough private sector jobs available.
887,1994,0.5577436685562134,0.6236042380332947,1, (Now here are some possible changes to the welfare system. Please tell me whether you would favor or oppose each one.)... Cut off all benefits to people who had not found a job or become self-sufficient after two years.
889,1994,0.5915331840515137,0.708069921,1, (Now here are some possible changes to the welfare system. Please tell me whether you would favor or oppose each one.)... Limit all adults to a total of five years of welfare benefits.
890,1994,0.4375774264335632,0.576300859,1, (Now here are some possible changes to the welfare system. Please tell me whether you would favor or oppose each one.)... End increases in welfare payments to women who give birth to children while on welfare.
891,1994,0.4039223194122314,0.4495171308517456,1, Do you favor or oppose ending welfare payments to unmarried mothers who have children?
892,1994,0.3263499140739441,0.3724145293235779,1, Do you favor or oppose ending welfare payments to children who are born to unmarried mothers?
898,1994,0.8529824018478394,0.831939697,0, Do you favor or oppose welfare reform that would require recipients to work and would limit benefits to two years?
899,1994,0.292396069,0.3373686671257019,0," Do you favor or oppose a proposal that would end all welfare benefits for unwed mothers under age 18 and their children, and would turn the savings over to the states for programs to care for their children in group homes and orphanages?"
915,1995,0.2450119256973266,0.36163038,0,"As things stand now, the age when people become eligible for Social Security benefits will be raised from 65 to 70 in the year 2034. In order to reduce the federal budget deficit, some have proposed raising the eligibility age earlier than 2034. Do you favor or oppose this proposal?"
916,1995,0.3480844497680664,0.5110553503036499,0,"In order to reduce the federal budget deficit, some have proposed a reduction in the annual cost of living increases given on the pensions of retirees from the military and federal government. Do you favor or oppose this proposal?"
930,1995,0.3741586804389953,0.5646369457244873,1," Do you favor or oppose placing an absolute five-year limit on the amount of time families could receive welfare, after which their benefits would be stopped even if they could not find a job?  (Similar to later questions)"
939,1995,0.539084792,0.6583853960037231,1, Would you favor or oppose denying additional benefits to unmarried mothers on welfare if they have additional children while they are on welfare?  (Similar to later questions)
940,1995,0.2756306529045105,0.2277758717536926,0, Would you favor or oppose government funding for birth control for unmarried women on welfare?
946,1995,0.7121497392654419,0.8317667245864868,1,Please tell me whether you favor or oppose each of the following proposals.... Limiting to 5 years the amount of time a welfare recipient can receive cash payments   (Similar to later questions)
952,1995,0.5590156316757202,0.6120023727416992,1,"Please tell me whether you favor or oppose each of the following proposals.... Making legal immigrants ineligible for most welfare benefits, such as food stamps and Medicaid"
953,1995,0.5095611214637756,0.6557382345199585,1,Please tell me whether you favor or oppose each of the following proposals.... Ending increases in welfare payments to women who give birth to children while on Welfare   (Similar to later questions)
956,1995,0.3531745672225952,0.4571413397789001,0,Please tell me whether you favor or oppose each of the following proposals.... Denying welfare benefits to mothers under 18 years of age who are unmarried   (Similar to later questions)
966,1993,0.8382720351219177,0.8649422526359558,0," Do you favor or oppose the following suggestion to reform the welfare system? (If favor/oppose ask: do you favor/oppose that strongly or somewhat)? Require job training for those on welfare, and after two years require them to work in government jobs if necessary."
967,1993,0.9479225277900696,0.9419530034065248,1," (Do you favor or oppose the following suggestion to reform the welfare system?) (If favor/oppose ask: do you favor/oppose that strongly or somewhat)? Require job training for those on welfare, and after two years require them to work."
968,1993,0.9451855421066284,0.9412481188774108,0, (Do you favor or oppose the following suggestion to reform the welfare system?) (If favor/oppose ask: do you favor/oppose that strongly or somewhat)? Require unemployed fathers of children on welfare to work.
969,1993,0.7820113897323608,0.6530298590660095,0, (Do you favor or oppose the following suggestion to reform the welfare system?) (If favor/oppose ask: do you favor/oppose that strongly or somewhat)? Replace welfare benefits with tax credits and strengthen child support enforcement.
971,1993,0.2983760237693786,0.2493782639503479,0, (Do you favor or oppose the following suggestion to reform the welfare system?) (If favor/oppose ask: do you favor/oppose that strongly or somewhat)? Limit welfare benefits to two years and do not allow people to get back on welfare ever.
979,1995,0.3679638504981994,0.384203553,0, (Please tell me whether you favor or oppose each of the following to reduce the budget deficit.)... Reducing the cost-of-living increases in Social Security benefits in 1999
995,1995,0.3407160639762878,0.5069078207015991,1," (For each item I name, please tell me if that's something you support or oppose.) How about...saying teen-age girls who have children cannot receive welfare, or public assistance payments? (If Support or Oppose, ask:) Is that strongly or somewhat?  (Similar to later questions)"
997,1995,0.50604248,0.6722314357757568,0," For each item I name, please tell me if that's something you support or oppose. How about...cutting five billion dollars from the budget for welfare, or public assistance for poor people, over the next five years? (If Support or Oppose, ask:) Is that strongly or somewhat?"
998,1995,0.5865622162818909,0.7567778825759888,0," (For each item I name, please tell me if that's something you support or oppose.) How about...cutting off the welfare, or public assistance payments a poor person can receive, after a maximum of two years? (If Support or Oppose, ask:) Is that strongly or somewhat?   (Similar to later questions)"
1000,1995,0.5513237714767456,0.7178657054901123,0," (For each item I name, please tell me if that's something you support or oppose.) How about...having the states take over running the school lunch program? (If Support or Oppose, ask:) Is that strongly or somewhat?"
1001,1995,0.9180614948272704,0.9687178134918212,1," (For each item I name, please tell me if that's something you support or oppose.) How about...requiring people who receive welfare or public assistance payments to take community service jobs or job training? (If Support or Oppose, ask:) Is that strongly or somewhat?   (Similar to later qeustions)"
1012,1995,0.9588192105293274,0.9612851738929749,1," I'm going to read some specific welfare proposals being considered by Congress. For each one, please tell me if you favor or oppose this proposal.... Require welfare recipients to work in exchange for their benefits.  (Similar to later questions)"
1013,1995,0.9454050660133362,0.936056376,0," (I'm going to read some specific welfare proposals being considered by Congress. For each one, please tell me if you favor or oppose this proposal.)... Provide subsidized child care for poor mothers who leave welfare for work.  (Similar to later questions)"
1014,1995,0.1661349534988403,0.1834851503372192,0," (I'm going to read some specific welfare proposals being considered by Congress. For each one, please tell me if you favor or oppose this proposal.)... Reduce spending on child nutrition programs."
1015,1995,0.6080833673477173,0.578361452,0," (I'm going to read some specific welfare proposals being considered by Congress. For each one, please tell me if you favor or oppose this proposal.)... Make unmarried mothers under 18 years of age ineligible for cash welfare benefits.   (Similar to later questions)"
1016,1995,0.3550263047218323,0.2622835636138916,1," (I'm going to read some specific welfare proposals being considered by Congress. For each one, please tell me if you favor or oppose this proposal.)... Restrict eligibility for programs that give cash assistance to poor children with mental or physical disabilities."
1018,1995,0.925299883,0.9139633178710936,1,"Would you support or oppose a law limiting welfare recipients to a maximum of two years of benefits, after which those who are able to work would have to get a job or do community service?"
1045,1994,0.5521847009658813,0.6730812191963196,1," Several proposals have been made recently to change the welfare system in the United States. As I read each of the following, please tell me if you favor or oppose that proposal.... Government should set a limit on how fast the cost of welfare programs can grow, regardless of how many people may need them."
1046,1994,0.8163270950317383,0.7976658344268799,1," (Several proposals have been made recently to change the welfare system in the United States. As I read each of the following, please tell me if you favor or oppose that proposal.)... Government should require each mother to report the name of a child's father before she can receive welfare."
1047,1994,0.5933952331542969,0.6559878587722778,1," (Several proposals have been made recently to change the welfare system in the United States. As I read each of the following, please tell me if you favor or oppose that proposal.)... Women who have additional children while on welfare should not receive additional benefits for those children."
1048,1994,0.852142334,0.8671435713768005,0," (Several proposals have been made recently to change the welfare system in the United States. As I read each of the following, please tell me if you favor or oppose that proposal.)... Government should provide child care to low-income mothers who are on welfare who take jobs or are in job training."
1049,1994,0.7497972249984741,0.7054363489151001,0," Do you favor or oppose ending welfare payments to all able-bodied welfare recipients, including women with pre-school children, after two years and requiring them to take a job?"
1063,1995,0.8882817029953003,0.9241138696670532,0," Here is a list of changes many people would like to make in the current welfare system. For each idea I read, please tell me whether you favor or oppose that change.... Require all able-bodies people on welfare, including women with small children, to work or learn a job skill. (Similar to other questions)"
1064,1995,0.432902455,0.5589327812194824,1," (Here is a list of changes many people would like to make in the current welfare system. For each idea I read, please tell me whether you favor or oppose that change.)... End increases in welfare payments to women who give birth to children while on welfare.  (Similar to later questions)"
1065,1995,0.3113047480583191,0.3547564148902893,0," (Here is a list of changes many people would like to make in the current welfare system. For each idea I read, please tell me whether you favor or oppose that change.)... Cut the amount of money given to all people on welfare."
1066,1995,0.5004584789276123,0.5373657941818237,1, Do you favor or oppose the following welfare proposals?... Limit benefits to 5 years  (Similar question later)
1067,1995,0.909250796,0.9161374568939208,1, (Do you favor or oppose the following welfare proposals?)... Require work after 2 years  (Similar question later)
1068,1995,0.5691990852355957,0.6642602682113647,1, (Do you favor or oppose the following welfare proposals?)... Deny increased benefits to recipients who have more children
1069,1995,0.4681634902954101,0.4695236086845398,0, (Do you favor or oppose the following welfare proposals?)... Deny benefits to unwed teenage mothers  (Similar questions later)
1074,1995,0.5062844753265381,0.4708276987075805,0," Currently, spending on welfare is determined by the number of people in the country who fall below the poverty line, and the government must spend more if additional people need help. Do you favor or oppose changing that so that the total spending on welfare would be set at a fixed amount and each welfare recipient's grant would be cut if the number of people needing benefits went up. (If favor or oppose, ask:) Do you (favor/oppose) that strongly or (favor/oppose) somewhat?"
1125,1995,0.6465445160865784,0.746557355,0, Do you favor or oppose stopping welfare payments to recipients after two years?  (Similar questions later)
1132,1996,0.4527159333229065,0.4110636711120605,0," To make sure future Social Security benefits continue to be at least as good as today's benefits, would you favor or oppose paying higher Social Security taxes?  (Similar questions later)"
1133,1996,0.6937179565429688,0.6999471187591553,0," To make sure future Social Security benefits continue to be at least as good as today's benefits, would you favor or oppose reducing benefits for high income people?  (Similar questions later)"
1150,1992,0.8562854528427124,0.8510121703147888,1,(Here are several ways people have suggested would help conditions for minorities in urban areas. Do you favor or oppose each of these?)... Fund more Head Start programs to provide pre-school education
1152,1996,0.3550695776939392,0.4432680606842041,0," (I am going to read you a list of some programs and proposals that are being discussed in this country today. For each one, please tell me whether you strongly favor, favor, oppose, or strongly oppose it.)... Denying welfare benefits to unwed teenagers who have children"
1155,1996,0.616493821,0.834522545,1, Would you favor or oppose a lifetime limit of five years on welfare payments to those who are able to work?
1158,1996,0.6516636610031128,0.8343302607536316,1, Do you favor or oppose limiting a person's lifetime eligibility for welfare to a maximum of five years total? (I think that the welfare reform act had already passed Congress at this point)
1160,1996,0.565024734,0.7108466625213623,1," If the head of a family receiving welfare benefits does not go to work within two years, would you favor or oppose stopping the family's welfare benefits?"
1166,1996,0.5218243,0.5357602834701538,0," Currently, the federal and state governments share the responsibility for Medicaid, the program which provides health and nursing home benefits for the poor, low-income elderly, and disabled. In general, do you favor or oppose proposals to turn over the responsibility for Medicaid to the states?"
1170,1996,0.4074045419692993,0.4327578544616699,0, Please tell me whether you favor or oppose each of the following proposals. Reduce the amount of money the federal government spends on Social Security by raising the retirement age and reducing payments to wealthy recipients.  (similar questions later)
1193,1996,0.3914470076560974,0.681412399,0," There is a proposal that would allow people to invest some of their Social Security taxes in the stock market. This change means that when people retire, their benefits could either be higher or lower than expected, depending on the stock market's performance. Would you favor or oppose this proposal to allow people to invest their Social Security taxes in the stock market?  (Similar questions later)"
1200,1996,0.5868173837661743,0.5377373695373535,0," There is now a proposal to reduce the government's official measure of inflation, called the Consumer Price Index. This will reduce future cost-of-living increases in such programs as Social Security and veterans' benefits, but also will reduce the federal deficit. Do you strongly favor, somewhat favor, somewhat oppose, or strongly oppose reducing the Consumer Price Index in this manner?  (Similar questions later)"
1216,1997,0.312656045,0.6357080936431885,0," Thinking about Social Security, do you favor or oppose investing a portion of Social Security tax funds in the stock market?  (Similar to later questions)"
1219,1997,0.4467042088508606,0.5477490425109863,0," As you may know, government experts say that because the baby boom generation is so large, Social Security will begin to run out of money when those who are in their forties and fifties retire. To solve that problem a federal advisory committee has come up with three different proposals to keep the retirement fund solvent. Would you please tell me whether you favor or oppose each of those plans. For example... the first plan would keep the current Social Security system as is, but it would have the government invest about forty percent of Social Security revenue in the stock market rather than in government bonds as is currently done. Do you favor or oppose this plan?  (Similar to other questions ex. Dec, 1998)"
1220,1997,0.4375711679458618,0.4259114265441894,0," (As you may know, government experts say that because the baby boom generation is so large, Social Security will begin to run out of money when those who are in their forties and fifties retire. To solve that problem a federal advisory committee has come up with three different proposals to keep the retirement fund solvent. Would you please tell me whether you favor or oppose each of those plans.) For example... the second plan would divide Social Security into two parts. The first part would have the Social Security system continue as a government program, but would guarantee a base monthly benefit of$ 410. The second part would take the rest of the money from each person's Social Security taxes and invest it in personal savings accounts that he or she chooses. The amount of the entire Social Security benefit that the individuals would receive when they retire would depend on how well or how poorly they invested in their personal savings account. To continue providing benefits to those who are already retired, the government would have to raise Social Security taxes under this plan by about 1.5%. Do you favor or oppose this plan?   (Similar to other questions)"
1221,1997,0.5105077624320984,0.5761587619781494,0,"(As you may know, government experts say that because the baby boom generation is so large, Social Security will begin to run out of money when those who are in their forties and fifties retire. To solve that problem a federal advisory committee has come up with three different proposals to keep the retirement fund solvent. Would you please tell me whether you favor or oppose each of those plans.) For example... under a third plan, the current Social Security system would be kept intact, but in addition, there would be a compulsory individual savings account with funds that would be automatically deducted from workers' salaries. With these savings accounts, individuals could invest as they wish to supplement their retirement benefits. Under this plan, a new 1.6% payroll tax would be imposed. Do you favor or oppose this plan?"
1226,1997,0.5837503671646118,0.5706984400749207,1," As you may know, under the new welfare reform bill, legal immigrants will have their welfare benefits cut, they will be required to work and pay taxes for ten years before they can qualify for such federal benefits as food stamps and Supplemental Security Income for the disabled and elderly. President (Bill) Clinton wants to restore spending and benefits to legal immigrants saying that this provision of the bill is too unfair. Do you favor or oppose restoring benefits to legal immigrants?"
1227,1997,0.5626413822174072,0.4653818011283874,0," As you may know, under the new welfare reform bill, able-bodied, adults who do not have dependent children will be limited to three months of food stamps in a 36 months period unless they find work. President (Bill) Clinton wants to restore spending and benefits for these people saying that the provision on eligibility for food stamps is too tough. Do you favor or oppose restoring benefits?"
1231,1997,0.3348487615585327,0.543333113,0," There is a proposal that would allow people to invest some of their Social Security payroll contributions in the stock market. This change means that when people retire, their benefits could either be higher or lower than expected, depending on the stock market's performance. Would you favor or oppose this proposal to allow people to invest their Social Security payroll contributions in the stock market?  (Similar to later questions)"
1234,1997,0.3347209692001343,0.4738090634346008,0, (I am going to read a few statements. Please tell me if you support or oppose each item I name.) Do you support or oppose...reducing spending on entitlement programs like Medicare and Social Security?
1244,1997,0.3718190789222717,0.4794562458992004,0," There is now a proposal to reduce the government's official measure of inflation, called the Consumer Price Index, which some economists believe does not accurately reflect price increases. This will reduce future cost-of-living increases in such programs as Social Security and veterans' benefits, but also will reduce the federal deficit and raise some future income taxes. Do you strongly favor, somewhat favor, somewhat oppose, or strongly oppose reducing the Consumer Price Index in this manner?"
1261,1997,0.4081008434295654,0.5030292272567749,0,(Please indicate whether you would generally favor or oppose each of the following proposals which might be included in the plan to balance the budget by the year 2002.)... Making small reductions in the amount by which Social Security benefits are increased each year
1271,1997,0.3268224000930786,0.3790512681007385,0," In order to keep the Social Security program financially sound in the future, would you favor or oppose each of the following proposals?... Having everyone pay more in Social Security taxes (Similar to other questions, ex Dec. 1998)"
1272,1997,0.1840726137161255,0.1903833746910095,0," (In order to keep the Social Security program financially sound in the future, would you favor or oppose each of the following proposals?)... Reducing benefits paid to all retirees in the future (Similar to other questions, ex Dec. 1998)"
1273,1997,0.4479842185974121,0.4807415008544922,0," (In order to keep the Social Security program financially sound in the future, would you favor or oppose each of the following proposals?)... Gradually increasing the retirement age for Social Security without affecting people now receiving benefits (Similar to other questions, ex Dec. 1998)"
1274,1997,0.6057317852973938,0.6342363357543945,0," (In order to keep the Social Security program financially sound in the future, would you favor or oppose each of the following proposals?)... Reducing benefits paid to upper-income retirees in the future (Similar to other questions, ex Dec. 1998)"
1275,1997,0.225155234,0.5115553140640259,0," Some people favor investing a portion of Social Security tax funds in the stock market because this might lead to higher investment returns. Other people oppose this idea because they say the stock market is too unpredictable. What is your opinion? Do you favor or oppose investing a portion of the tax money collected for Social Security in the stock market? (Similar to other questions, ex Dec. 1998)"
1277,1997,0.3164697885513305,0.2221466302871704,0," Overall, would you favor or oppose an increase in taxes on Social Security benefits?"
1309,1997,0.2489311099052429,0.4122463464736938,0," As you may know, Social Security has raised its age eligibility from 65 years of age to 67 years of age. In order to keep Medicare solvent well into the next century, some have proposed that Medicare do the same as Social Security and raise its age eligibility from 65 years of age to 67 years of age. Do you favor or oppose this proposal? (If favor or oppose, ask:) Do you favor/oppose that strongly or favor/oppose somewhat?  (Similar to questions in 1998)"
1322,1998,0.7460739016532898,0.7170993685722351,0," Do you favor or oppose giving tax credits to families that earn less than$ 60,000 to help pay for child care costs?"
1328,1998,0.3752371668815613,0.4357567429542541,0," In order to address future problems in the Social Security system, please tell me whether you favor or oppose each of the following.... Raising the amount of taxes which higher-income retirees pay on their Social Security benefits"
1329,1998,0.099042654,0.1645381450653076,0," (In order to address future problems in the Social Security system, please tell me whether you favor or oppose each of the following.)... Raising taxes on all Americans receiving Social Security benefits"
1330,1998,0.7910692691802979,0.7597989439964294,0, Do you favor or oppose allowing Americans to put a portion of their Social Security taxes into a personal savings account to be used for retirement?
1336,1997,0.3766916990280151,0.5541880130767822,0," As you may know, the Social Security system is expected to begin running out of money in 15 years or so. One proposal to help avoid that is to put some or all Social Security money into stock and bonds. This could produce more retirement money for you, but it could also mean taking higher risks with your retirement savings. Would you support or oppose this proposal  (Similar to questions December 1998)"
1340,1998,0.452216625,0.6324583888053894,0, One proposal that has been made would allow or require people to put a portion af their Social Security payroll taxes into personal retirement accounts that would be invested in private stocks and bonds. Some people think that individuals would have more money for retirement if they were allowed to invest and manage some of their Social Security payroll taxes themselves. Others think that it is too risky and could leave some people without adequate money for retirement if the stock market were to decline in value significantly. Do you favor or oppose this proposal?
1374,1998,0.1881528496742248,0.2506588101387024,0," The current eligibility age for full Social Security retirement benefits is 65, but to help save money, it is scheduled to rise gradually to 67. Do you favor or oppose further increasing the retirement age to 70?"
1375,1998,0.2948388457298279,0.5613375902175903,0," I'm going to read a few changes that have been proposed as ways to keep the Social Security system operating in the next century. Please say whether you would strongly favor, moderately favor, moderately oppose, or strongly oppose each one. How about... allowing the federal government to invest a portion of the Social Security Trust Fund in the stock market?"
1376,1998,0.5285851955413818,0.8249186277389526,0," (I'm going to read a few changes that have been proposed as ways to keep the Social Security system operating in the next century. Please say whether you would strongly favor, moderately favor, moderately oppose, or strongly oppose each one.) How about... allowing individuals to invest a portion of their Social Security savings in the stock market?"
1377,1998,0.2757914662361145,0.2796534895896911,0," (I'm going to read a few changes that have been proposed as ways to keep the Social Security system operating in the next century. Please say whether you would strongly favor, moderately favor, moderately oppose, or strongly oppose each one.) How about... raising the retirement age at which people are eligible to receive their Social Security benefits to 70 years of age?"
1378,1998,0.4435991644859314,0.2854576110839844,0," (I'm going to read a few changes that have been proposed as ways to keep the Social Security system operating in the next century. Please say whether you would strongly favor, moderately favor, moderately oppose, or strongly oppose each one.) How about... increasing the amount employers and employees pay in taxes to Social Security?"
1379,1998,0.1168261170387268,0.193894625,0," (I'm going to read a few changes that have been proposed as ways to keep the Social Security system operating in the next century. Please say whether you would strongly favor, moderately favor, moderately oppose, or strongly oppose each one.) How about...reducing Social Security benefits?"
1388,1998,0.5415393114089966,0.3944012522697449,0," For each of those proposals, please tell me if in general you would favor or oppose it. Increasing Social Security taxes on people working today...would you favor or oppose it?"
1391,1998,0.1439920663833618,0.1863837242126464,0," (For each of those proposals, please tell me if in general you would favor or oppose it.) Reducing Social Security benefits on people who currently receive them...would you favor or oppose it?"
1392,1998,0.477349579,0.533153772,0," I'm going to read some proposals that have been made for changes in the Social Security system. For each proposal, please tell me whether you favor it or oppose it.... Giving smaller yearly raises to retirees when the cost of living goes up. (March, 1998"
1393,1998,0.1774899959564209,0.3034864068031311,0," (I'm going to read some proposals that have been made for changes in the Social Security system. For each proposal, please tell me whether you favor it or oppose it.)... Raising payroll taxes for everybody."
1394,1998,0.4717469811439514,0.4701669216156006,0," (I'm going to read some proposals that have been made for changes in the Social Security system. For each proposal, please tell me whether you favor it or oppose it.)... Raising payroll taxes only for higher-income workers."
1395,1998,0.2632079124450683,0.3151141405105591,0," (I'm going to read some proposals that have been made for changes in the Social Security system. For each proposal, please tell me whether you favor it or oppose it.)... Allowing the government to invest the money it holds in Social Security in the stock market."
1396,1998,0.8245639204978943,0.7772706747055054,0," (I'm going to read some proposals that have been made for changes in the Social Security system. For each proposal, please tell me whether you favor it or oppose it.)... Letting workers shift some of their Social Security tax payments into personal retirement accounts that they would invest on their own."
1397,1998,0.1984630823135376,0.1928053498268127,0," The current eligibility age for Social Security retirement benefits is 65. But to help save money, it is scheduled to rise gradually to 67. Do you favor or oppose further increasing the retirement age to 70?"
1411,2000,0.5315017700195312,0.7398710250854492,0,A proposal has been made that would allow or require people to put a portion of their Social Security payroll taxes into personal retirement account that would be invested in private stocks and bonds. Do you favor or oppose this proposal?
1446,2000,0.5007041096687317,0.7327020168304443,0,Do you favor or oppose allowing individuals to invest a portion of their Social Security taxes on their own?
1452,2000,0.5790675282478333,0.7031377553939819,0,Would you support or oppose a plan in which people who chose to do so could invest some of their Social Security contributions in the stock market?
1461,2000,0.4833455085754394,0.6789719462394714,0,Would you support or oppose a plan in which people who chose to could invest some of their Social Security contributions in the stock market?
1489,2000,0.530118465,0.3531467914581299,0,"Under the new welfare law, people are only allowed to receive welfare benefits for 5 years. Do you think the law should be changed so that a person who is willing to work but cannot find a job can continue to receive welfare benefits or do you think the person's welfare benefits should be cut off after 5 years?"
1497,2000,0.5026469230651855,0.6789511442184448,0,"As you may know, the (2000) presidential candidates have made some proposals to change the or supplement Social Security to help Americans save more money for their retirement. One of these proposals would change Social Security to allow workers to invest some of their Social Security payroll taxes in the stock market. In general, do you favor or oppose this proposal?"
1498,2000,0.7234325408935547,0.8173536658287048,0,"Another proposal would create supplemental savings program that would allow workers to put up to $2,000 a year of tax-deductible savings in retirement accounts outside the Social Security system. The government would offer matching funds based on income level. In general, do you favor or oppose this proposal?"
1505,2000,0.7061566114425659,0.8368977308273315,0,"Generally, do you favor or oppose this proposal (which would allow younger workers to invest a portion of their payroll taxes in private retirement accounts, which might include stocks or mutual funds, rather than having all of it go toward Social Security)?"
1520,2000,0.4186658263206482,0.6583940982818604,0,Do you favor or oppose allowing individuals to invest a portion of their Social Security taxes in the US stock market?
1550,2001,0.4893611073493957,0.5711712837219238,0,"Some people have suggested allowing individuals to invest portions of their Social Security taxes on their own, which might allow them to make more money for their retirement, but would involve greater risk. Do you think allowing individuals to invest a portion of their Social Security taxes on their own is a good idea or a bad idea?"
1612,2001,0.4241417050361633,0.5413907766342163,0,Would you support or oppose a plan in which people who chose to could invest some of their Social Security contributions in the stock market?
1681,2001,0.3487173914909363,0.6396288871765137,0,A proposal has been made that would allow people to put a portion of their Social Security payroll taxes into personal retirement accounts that would be invested in stocks and bonds. Some people think that individuals would have more money for retirement if they were allowed to invest and manage some of their Social Security payroll taxes themselves. Others think that it is too risky and could leave some people without adequate money for retirement if the stock market were to decline in value significantly. Do you favor or oppose this proposal?
1706,2002,0.5228739380836487,0.6452745199203491,0,"Some people have suggested allowing individuals to invest portions of their Social Security taxes on their own, which might allow them to make more money for their retirement, but would involve greater risk. Do you think allowing individuals to invest a portion of their Social Security taxes on their own is a good idea or a bad idea?"
1732,2002,0.4946520924568176,0.5882396697998047,0,A proposal has been made that would allow people to put a portion of their Social Security payroll taxes into personal retirement accounts that would be invested in private stocks and bonds. Do you favor or oppose this proposal?
1739,2002,0.5099331140518188,0.6759077310562134,0,A proposal has been made that would allow people to put a portion of their Social Security payroll taxes into personal retirement accounts that would be invested in private stocks and bonds. Do you favor or oppose this proposal?
1757,2002,0.3727593421936035,0.5610886216163635,0,Do you approve or disapprove of Bush's proposal to allow individuals to divert part of their Social Security payroll taxes into private accounts whihc they could personally invest in the stock market for their retirement?
1773,2002,0.4458025693893432,0.5818305015563965,0,"On another subject, would you support or oppose a plan in which people who chose to could invest some of their Social Security contributions in the stock market?"
1789,2002,0.4639419913291931,0.6331300139427185,0,"President Bush supports partial privatization of Social Security, which he would accomplish by letting individuals invest a portion of payroll taxes in stocks and other investments, with the goal to raise investment returns and assure a better retirement system. How strongly do you support or oppose this proposal?"
1811,2002,0.4059240221977234,0.5718146562576294,0,Would you support or oppose a plan in which people who chose could invest some of their Social Security contributions in the stock market?
1825,1999,0.695537269,0.8718360662460327,0,"Generally, do you favor or oppose this proposal (which would allow Americans to put a portion of their Social Security taxes into a personal savings account to be used for retirement)"
1864,1999,0.8076056241989136,0.6547957062721252,0,Would you generally favor or oppose each of the following proposals as part of this year's federal budget package: Increasing spending on Social Security?
1865,1999,0.7484582662582397,0.6237497925758362,0,Would you generally favor or oppose each of the following proposals as part of this year's federal budget package: Establishing a new federal retirement program based on funding personal savings accounts for workers?
1896,1999,0.3867325782775879,0.2521554231643677,0,"President Clinton wants the federal government to invest 25% of the Social Security surplus in stocks, bonds and other securities to increase returns and bolster the Social Security system. Republicans in Congress say that the government should not own stock in private companies since the government could wind up as a major shareholder of a particular stock, which might open up a potential conflict of interest. Which proposal do you prefer?"
1897,1999,0.4752330780029297,0.3387230634689331,0,"I am going to read you a list of some ways that have been suggested to deal with the future financial problems of Social Security. For each one, please tell me if you would favor or oppose such a proposal: Increasing the amount employers and employees pay in taxes to Social Security?"
1899,1999,0.5412771701812744,0.5256714820861816,0,"I am going to read you a list of some ways that have been suggested to deal with the future financial problems of Social Security. For each one, please tell me if you would favor or oppose such a proposal: Reducing Social Security benefits for seniors whose income is more than $40,000 a year?"
1900,1999,0.1252824664115905,0.1626052856445312,0,"I am going to read you a list of some ways that have been suggested to deal with the future financial problems of Social Security. For each one, please tell me if you would favor or oppose such a proposal: Reducing Social Security benefits?"
1901,1999,0.4742263555526733,0.3104490637779236,0,"I am going to read you a list of some ways that have been suggested to deal with the future financial problems of Social Security. For each one, please tell me if you would favor or oppose such a proposal: Limiting cost-of-living increases in Social Security benefts?"
1902,1999,0.4105717539787292,0.3540966510772705,0,"I am going to read you a list of some ways that have been suggested to deal with the future financial problems of Social Security. For each one, please tell me if you would favor or oppose such a proposal: Raising the amount of taxes higher-income retirees pay on their Social Security benefits?"
1903,1999,0.5862878561019897,0.4789196252822876,0,"I am going to read you a list of some ways that have been suggested to deal with the future financial problems of Social Security. For each one, please tell me if you would favor or oppose such a proposal: Increasing taxes on Social Security benefits for those earning more than $75,000?"
1904,1999,0.5502456426620483,0.7509393095970154,0,"I am going to read you a list of some ways that have been suggested to deal with the future financial problems of Social Security. For each one, please tell me if you would favor or oppose such a proposal: People having individual accounts and making their own investments with a portion of their Social Security payments?"
1905,1999,0.3895143270492553,0.4749234914779663,0,"I am going to read you a list of some ways that have been suggested to deal with the future financial problems of Social Security. For each one, please tell me if you would favor or oppose such a proposal: Allowing workers to take all of their Social Security taxes out of the Social Security system and invest them on their own?"
1906,1999,0.3094016313552856,0.4029777646064758,0,"I am going to read you a list of some ways that have been suggested to deal with the future financial problems of Social Security. For each one, please tell me if you would favor or oppose such a proposal: Gradually raising the retirement age for Social Security to age 70 over the next 20 years?"
1907,1999,0.3046067953109741,0.4987541437149048,0,"As a way of dealing with the future financial problems of Social Security, do you favor or oppose having the government invest in the private stock market a portion of Social Security reserve funds, which are currently invested in government bonds?"
1908,1999,0.451125681,0.6512724161148071,0,"Some people have suggested that workers should have the option of taking some of their Social Security taxes and putting them in investments such as the stock market.  People who did this would get more money when they retired if these investments did well, but less money if those investments did poorly.  Do you think the government should or should not allow Americans to invest a portion of their Social Security taxes in investments such as the stock market?"