applicant_id,gender,dept,outcome
1,male,A,rejected
2,male,A,rejected
3,male,B,admitted
4,male,A,admitted
5,female,D,rejected
6,male,F,rejected
7,female,D,rejected
8,male,B,admitted
9,male,D,rejected
10,male,A,rejected
11,male,A,admitted
12,male,A,rejected
13,female,F,rejected
14,male,A,admitted
15,male,D,admitted
16,male,B,rejected
17,male,A,admitted
18,female,D,admitted
19,male,B,rejected
20,male,B,admitted
21,male,A,admitted
22,female,F,rejected
23,female,F,rejected
24,male,D,rejected
25,male,B,rejected
26,male,B,admitted
27,male,F,rejected
28,male,A,rejected
29,female,D,rejected
30,male,B,admitted
31,male,B,admitted
32,female,F,rejected
33,male,D,admitted
34,male,B,admitted
35,male,A,admitted
36,male,B,admitted
37,female,F,rejected
38,male,B,admitted
39,male,A,admitted
40,male,F,rejected
41,male,D,admitted
42,male,D,rejected
43,male,A,rejected
44,female,D,admitted
45,male,B,rejected
46,female,D,rejected
47,female,D,rejected
48,male,F,admitted
49,male,A,rejected
50,female,D,admitted
51,male,F,rejected
52,female,F,rejected
53,female,F,rejected
54,male,B,admitted
55,male,B,rejected
56,female,F,rejected
57,female,F,rejected
58,female,D,admitted
59,male,D,admitted
60,male,A,admitted
61,male,A,rejected
62,female,D,rejected
63,female,A,admitted
64,male,F,rejected
65,male,A,admitted
66,male,A,admitted
67,male,B,rejected
68,female,F,rejected
69,male,B,rejected
70,female,F,rejected
71,male,F,rejected
72,male,D,rejected
73,male,A,admitted
74,male,A,admitted
75,female,D,admitted
76,male,A,admitted
77,male,D,rejected
78,male,A,admitted
79,male,F,rejected
80,male,A,admitted
81,male,B,rejected
82,male,D,admitted
83,female,B,admitted
84,male,A,admitted
85,male,D,admitted
86,female,A,rejected
87,male,F,rejected
88,female,D,rejected
89,male,D,admitted
90,male,D,admitted
91,male,F,rejected
92,female,A,admitted
93,male,B,admitted
94,female,D,rejected
95,female,A,admitted
96,male,D,admitted
97,male,D,rejected
98,male,F,rejected
99,male,D,admitted
100,male,D,admitted
101,male,F,rejected
102,male,B,admitted
103,female,D,admitted
104,female,F,rejected
105,female,D,rejected
106,male,A,admitted
107,male,D,rejected
108,male,A,admitted
109,male,A,rejected
110,female,B,rejected
111,male,A,admitted
112,male,D,rejected
113,male,B,rejected
114,male,A,rejected
115,male,D,rejected
116,male,D,rejected
117,female,D,rejected
118,female,D,rejected
119,male,F,rejected
120,female,D,rejected
121,female,D,rejected
122,male,B,rejected
123,female,F,rejected
124,female,F,rejected
125,male,A,rejected
126,male,A,admitted
127,male,B,admitted
128,female,B,rejected
129,male,B,rejected
130,male,D,rejected
131,male,B,admitted
132,male,D,admitted
133,male,B,admitted
134,female,D,rejected
135,female,F,rejected
136,female,F,rejected
137,male,B,rejected
138,female,D,admitted
139,male,B,admitted
140,male,B,admitted
141,female,A,admitted
142,female,D,admitted
143,male,B,rejected
144,male,B,rejected
145,female,D,rejected
146,male,B,admitted
147,male,A,admitted
148,male,A,admitted
149,male,A,admitted
150,female,D,rejected
151,male,B,rejected
152,male,F,rejected
153,male,D,admitted
154,female,A,admitted
155,male,A,rejected
156,male,A,admitted
157,male,A,admitted
158,male,F,admitted
159,male,B,admitted
160,female,F,rejected
161,male,B,admitted
162,male,B,admitted
163,male,D,rejected
164,male,A,rejected
165,female,F,rejected
166,male,A,rejected
167,male,A,admitted
168,female,D,rejected
169,male,B,rejected
170,female,B,admitted
171,female,D,admitted
172,male,A,admitted
173,male,B,admitted
174,male,A,admitted
175,male,B,rejected
176,male,B,admitted
177,male,D,rejected
178,male,A,rejected
179,male,A,rejected
180,male,D,admitted
181,male,A,admitted
182,male,A,admitted
183,male,B,admitted
184,female,F,rejected
185,female,F,rejected
186,male,F,rejected
187,female,D,rejected
188,male,F,rejected
189,male,B,admitted
190,male,D,rejected
191,male,A,admitted
192,male,F,rejected
193,male,B,admitted
194,female,F,rejected
195,male,B,rejected
196,male,A,admitted
197,male,A,admitted
198,male,A,admitted
199,female,F,rejected
200,male,B,admitted
201,male,A,admitted
202,male,A,rejected
203,female,A,admitted
204,male,D,rejected
205,male,A,admitted
206,female,D,rejected
207,female,F,rejected
208,male,A,admitted
209,female,F,rejected
210,male,B,admitted
211,female,F,rejected
212,male,B,admitted
213,male,F,rejected
214,male,A,rejected
215,male,F,rejected
216,male,D,rejected
217,male,D,rejected
218,male,D,rejected
219,female,D,rejected
220,female,D,rejected
221,female,D,rejected
222,male,D,rejected
223,male,F,rejected
224,male,A,admitted
225,female,F,rejected
226,male,B,admitted
227,female,F,rejected
228,female,D,rejected
229,male,B,admitted
230,male,B,admitted
231,male,D,rejected
232,male,A,admitted
233,male,B,admitted
234,female,D,rejected
235,female,F,rejected
236,female,F,rejected
237,male,B,rejected
238,male,A,admitted
239,male,B,admitted
240,male,A,admitted
241,male,D,rejected
242,female,F,rejected
243,female,A,admitted
244,male,A,rejected
245,male,B,admitted
246,male,A,admitted
247,male,D,rejected
248,male,B,admitted
249,female,F,rejected
250,male,F,rejected
251,male,B,rejected
252,male,D,rejected
253,male,A,admitted
254,male,F,admitted
255,male,A,rejected
256,female,F,rejected
257,male,D,admitted
258,male,F,rejected
259,female,F,rejected
260,male,A,rejected
261,male,F,rejected
262,male,A,rejected
263,female,F,rejected
264,female,F,rejected
265,female,D,rejected
266,male,B,admitted
267,male,A,admitted
268,male,F,rejected
269,female,F,rejected
270,male,A,rejected
271,male,B,admitted
272,female,F,rejected
273,male,A,admitted
274,male,A,admitted
275,male,D,rejected
276,female,D,rejected
277,male,A,rejected
278,female,F,rejected
279,female,D,admitted
280,male,B,rejected
281,female,F,rejected
282,male,A,rejected
283,male,A,rejected
284,male,D,rejected
285,male,B,rejected
286,male,F,rejected
287,male,F,rejected
288,male,A,admitted
289,male,D,rejected
290,male,B,rejected
291,female,F,rejected
292,male,F,rejected
293,male,F,rejected
294,male,A,admitted
295,male,D,admitted
296,male,D,rejected
297,male,F,rejected
298,male,A,admitted
299,female,F,rejected
300,female,D,rejected
301,male,B,admitted
302,male,A,rejected
303,male,A,admitted
304,female,F,rejected
305,male,B,admitted
306,female,D,rejected
307,male,D,admitted
308,male,D,admitted
309,male,F,rejected
310,male,D,admitted
311,female,F,rejected
312,male,A,rejected
313,male,A,admitted
314,male,F,rejected
315,male,B,rejected
316,male,D,rejected
317,female,A,admitted
318,male,F,rejected
319,female,F,admitted
320,male,A,admitted
321,male,B,admitted
322,male,A,rejected
323,female,A,admitted
324,male,D,rejected
325,male,B,admitted
326,male,D,admitted
327,male,F,rejected
328,male,F,rejected
329,female,D,rejected
330,male,A,admitted
331,female,A,admitted
332,male,D,rejected
333,male,A,admitted
334,female,F,rejected
335,female,F,rejected
336,female,F,rejected
337,female,D,rejected
338,male,B,admitted
339,male,A,admitted
340,male,A,rejected
341,male,B,rejected
342,female,A,rejected
343,female,F,rejected
344,female,A,admitted
345,female,D,rejected
346,male,A,admitted
347,male,B,admitted
348,male,B,rejected
349,female,F,rejected
350,female,A,rejected
351,male,B,admitted
352,male,B,admitted
353,male,B,rejected
354,male,F,rejected
355,female,D,admitted
356,female,D,rejected
357,female,D,rejected
358,male,A,admitted
359,male,D,rejected
360,female,D,rejected
361,male,B,rejected
362,male,A,admitted
363,male,A,admitted
364,male,F,rejected
365,male,F,rejected
366,male,A,admitted
367,female,A,admitted
368,male,A,rejected
369,male,A,admitted
370,male,B,admitted
371,male,D,rejected
372,male,B,admitted
373,female,D,rejected
374,male,A,rejected
375,female,D,rejected
376,male,A,admitted
377,female,A,admitted
378,male,D,rejected
379,male,A,admitted
380,male,B,admitted
381,male,A,admitted
382,female,B,admitted
383,male,B,admitted
384,male,A,rejected
385,female,A,admitted
386,male,A,rejected
387,male,B,admitted
388,male,A,admitted
389,male,B,admitted
390,male,A,rejected
391,female,F,admitted
392,male,B,admitted
393,male,F,rejected
394,male,F,rejected
395,male,D,rejected
396,female,A,admitted
397,male,A,admitted
398,male,F,rejected
399,female,A,admitted
400,male,F,rejected
401,female,F,rejected
402,female,F,rejected
403,female,D,rejected
404,male,D,rejected
405,female,F,admitted
406,male,A,admitted
407,male,A,rejected
408,male,F,rejected
409,male,B,rejected
410,female,D,rejected
411,male,B,admitted
412,male,A,rejected
413,male,A,admitted
414,female,F,admitted
415,male,F,rejected
416,male,B,rejected
417,male,B,admitted
418,female,A,admitted
419,male,B,admitted
420,male,B,admitted
421,male,F,rejected
422,female,F,rejected
423,male,D,admitted
424,male,F,rejected
425,male,B,admitted
426,female,F,rejected
427,female,F,rejected
428,male,D,rejected
429,female,D,rejected
430,female,D,rejected
431,male,F,rejected
432,female,D,admitted
433,male,A,rejected
434,male,A,admitted
435,male,F,rejected
436,male,D,rejected
437,male,D,rejected
438,male,B,admitted
439,male,A,rejected
440,male,A,admitted
441,male,A,rejected
442,male,A,rejected
443,male,A,admitted
444,male,F,rejected
445,male,F,rejected
446,female,F,rejected
447,male,F,rejected
448,female,D,admitted
449,male,A,rejected
450,male,F,rejected
451,male,A,admitted
452,male,B,rejected
453,male,A,admitted
454,female,D,rejected
455,male,F,rejected
456,male,A,admitted
457,male,A,rejected
458,male,A,rejected
459,male,B,rejected
460,male,D,admitted
461,female,F,rejected
462,male,B,rejected
463,female,D,rejected
464,male,A,admitted
465,female,F,rejected
466,male,D,rejected
467,male,A,rejected
468,male,B,admitted
469,male,F,rejected
470,male,A,admitted
471,female,F,rejected
472,female,D,admitted
473,male,D,rejected
474,male,A,rejected
475,male,B,admitted
476,male,A,rejected
477,male,F,rejected
478,female,F,rejected
479,male,D,rejected
480,male,F,rejected
481,male,B,rejected
482,male,A,rejected
483,male,A,rejected
484,female,F,rejected
485,female,D,admitted
486,male,A,rejected
487,female,D,admitted
488,male,F,rejected
489,female,D,rejected
490,male,A,admitted
491,male,F,rejected
492,male,A,admitted
493,male,B,admitted
494,male,B,admitted
495,female,F,rejected
496,male,B,rejected
497,male,B,admitted
498,male,B,rejected
499,male,D,rejected
500,male,F,admitted
501,male,A,rejected
502,male,B,rejected
503,male,D,rejected
504,male,F,rejected
505,male,A,admitted
506,female,D,admitted
507,female,D,admitted
508,female,D,rejected
509,male,A,rejected
510,male,B,rejected
511,female,D,admitted
512,male,B,rejected
513,female,F,rejected
514,male,B,admitted
515,male,B,rejected
516,male,D,rejected
517,female,D,admitted
518,female,D,rejected
519,male,F,rejected
520,female,D,admitted
521,male,D,rejected
522,male,F,rejected
523,male,B,admitted
524,male,A,admitted
525,male,B,admitted
526,male,F,rejected
527,female,D,admitted
528,male,D,admitted
529,male,D,admitted
530,male,A,rejected
531,male,A,rejected
532,male,A,admitted
533,male,F,rejected
534,male,A,admitted
535,male,D,admitted
536,male,A,admitted
537,male,B,admitted
538,male,A,rejected
539,male,A,rejected
540,male,B,admitted
541,male,A,admitted
542,male,D,rejected
543,male,B,admitted
544,male,A,admitted
545,female,F,rejected
546,male,A,admitted
547,male,A,rejected
548,male,A,admitted
549,female,A,admitted
550,female,D,rejected
551,female,F,rejected
552,male,A,admitted
553,male,F,rejected
554,male,A,admitted
555,male,A,admitted
556,female,F,rejected
557,female,D,admitted
558,male,F,rejected
559,male,B,rejected
560,female,D,rejected
561,male,B,admitted
562,male,F,rejected
563,male,A,rejected
564,male,A,admitted
565,male,D,rejected
566,male,A,admitted
567,male,A,admitted
568,male,A,admitted
569,male,A,admitted
570,female,F,rejected
571,male,D,rejected
572,female,A,admitted
573,female,D,rejected
574,male,A,admitted
575,male,F,rejected
576,male,A,rejected
577,male,D,rejected
578,male,D,rejected
579,male,A,rejected
580,female,D,rejected
581,female,D,rejected
582,male,F,rejected
583,male,B,admitted
584,male,A,rejected
585,male,F,rejected
586,male,A,admitted
587,male,A,rejected
588,male,B,admitted
589,male,B,admitted
590,male,D,admitted
591,female,D,admitted
592,female,F,rejected
593,male,A,admitted
594,male,A,rejected
595,male,B,admitted
596,male,A,admitted
597,male,B,admitted
598,male,A,admitted
599,male,B,admitted
600,male,A,rejected
601,male,A,admitted
602,male,D,rejected
603,male,D,rejected
604,female,F,rejected
605,female,D,rejected
606,female,F,rejected
607,female,F,rejected
608,male,A,admitted
609,female,D,admitted
610,female,F,rejected
611,female,D,admitted
612,male,B,admitted
613,male,D,rejected
614,male,F,rejected
615,female,F,rejected
616,male,A,admitted
617,female,D,rejected
618,male,D,rejected
619,female,F,rejected
620,female,D,admitted
621,female,D,admitted
622,male,B,admitted
623,male,A,admitted
624,female,F,rejected
625,female,D,rejected
626,male,A,admitted
627,female,D,rejected
628,male,A,rejected
629,male,D,admitted
630,male,D,admitted
631,female,D,rejected
632,male,A,admitted
633,male,D,rejected
634,male,A,rejected
635,male,F,rejected
636,male,A,rejected
637,female,D,rejected
638,male,F,rejected
639,male,B,rejected
640,female,D,admitted
641,male,A,rejected
642,male,B,rejected
643,male,A,admitted
644,male,A,rejected
645,male,F,rejected
646,female,D,rejected
647,male,F,rejected
648,male,F,rejected
649,female,F,rejected
650,female,D,rejected
651,male,A,rejected
652,male,D,rejected
653,female,F,rejected
654,male,A,rejected
655,female,F,rejected
656,male,D,rejected
657,male,B,rejected
658,female,B,admitted
659,male,F,rejected
660,male,D,admitted
661,female,D,rejected
662,male,B,admitted
663,male,A,admitted
664,female,D,rejected
665,female,D,admitted
666,male,A,admitted
667,male,F,rejected
668,female,A,rejected
669,male,A,admitted
670,male,A,admitted
671,male,D,rejected
672,female,D,rejected
673,male,F,rejected
674,female,F,rejected
675,female,F,admitted
676,male,D,rejected
677,female,F,rejected
678,female,D,rejected
679,female,F,admitted
680,male,F,rejected
681,male,A,rejected
682,female,A,admitted
683,male,F,rejected
684,male,F,rejected
685,male,A,admitted
686,male,F,rejected
687,male,D,rejected
688,male,B,admitted
689,female,D,rejected
690,male,A,admitted
691,male,F,rejected
692,female,F,rejected
693,male,D,rejected
694,male,B,rejected
695,male,B,admitted
696,male,B,admitted
697,female,D,rejected
698,male,A,admitted
699,male,B,admitted
700,male,A,admitted
701,male,B,admitted
702,male,D,rejected
703,male,D,rejected
704,female,B,rejected
705,female,B,admitted
706,male,A,rejected
707,male,A,admitted
708,male,B,admitted
709,female,F,rejected
710,male,B,admitted
711,male,D,rejected
712,male,B,rejected
713,male,B,admitted
714,male,A,rejected
715,female,F,rejected
716,male,D,admitted
717,male,F,rejected
718,female,D,rejected
719,male,B,admitted
720,male,F,rejected
721,male,A,rejected
722,male,D,rejected
723,male,F,rejected
724,male,D,rejected
725,female,D,rejected
726,female,B,admitted
727,female,F,rejected
728,male,B,admitted
729,male,B,admitted
730,male,A,admitted
731,male,A,admitted
732,male,D,rejected
733,male,A,rejected
734,male,B,admitted
735,male,B,rejected
736,female,A,admitted
737,female,F,rejected
738,male,A,rejected
739,male,B,admitted
740,female,A,admitted
741,male,A,admitted
742,male,D,rejected
743,female,D,admitted
744,male,A,rejected
745,male,D,rejected
746,female,D,rejected
747,male,A,admitted
748,male,F,rejected
749,male,F,rejected
750,female,D,admitted
751,male,D,admitted
752,male,D,rejected
753,male,B,rejected
754,male,F,rejected
755,male,F,rejected
756,female,D,admitted
757,male,D,rejected
758,male,A,rejected
759,male,A,rejected
760,male,F,rejected
761,male,A,admitted
762,male,D,admitted
763,male,B,rejected
764,male,F,rejected
765,female,D,rejected
766,male,A,admitted
767,female,D,rejected
768,male,B,admitted
769,female,F,rejected
770,male,A,admitted
771,male,D,rejected
772,female,F,rejected
773,male,D,admitted
774,male,D,admitted
775,female,F,rejected
776,female,D,rejected
777,male,D,rejected
778,male,D,admitted
779,male,B,admitted
780,female,F,rejected
781,female,D,admitted
782,male,F,rejected
783,male,B,admitted
784,male,A,admitted
785,male,F,rejected
786,male,A,admitted
787,female,F,rejected
788,male,A,admitted
789,male,A,rejected
790,male,B,rejected
791,male,F,rejected
792,male,B,admitted
793,male,A,admitted
794,male,A,admitted
795,female,F,rejected
796,male,A,admitted
797,male,F,rejected
798,male,B,admitted
799,male,F,rejected
800,male,B,rejected
801,female,F,rejected
802,male,B,admitted
803,female,F,rejected
804,female,F,rejected
805,male,A,rejected
806,female,D,admitted
807,male,F,rejected
808,male,B,admitted
809,female,D,admitted
810,female,D,admitted
811,male,F,rejected
812,male,B,admitted
813,male,D,rejected
814,male,B,rejected
815,male,A,rejected
816,female,F,rejected
817,male,A,admitted
818,male,F,rejected
819,male,D,admitted
820,male,A,rejected
821,male,D,rejected
822,male,D,admitted
823,female,D,rejected
824,male,A,admitted
825,male,D,admitted
826,male,B,rejected
827,male,A,rejected
828,male,A,admitted
829,male,D,rejected
830,male,A,rejected
831,male,F,rejected
832,male,B,admitted
833,male,F,rejected
834,male,F,rejected
835,male,A,admitted
836,male,A,rejected
837,male,A,admitted
838,male,F,rejected
839,female,B,admitted
840,male,D,rejected
841,female,F,rejected
842,male,D,rejected
843,male,A,rejected
844,male,A,rejected
845,male,A,rejected
846,male,A,admitted
847,male,A,admitted
848,male,A,rejected
849,male,A,admitted
850,male,A,admitted
851,male,B,admitted
852,female,D,rejected
853,male,F,rejected
854,male,B,rejected
855,male,A,rejected
856,male,B,rejected
857,male,D,rejected
858,female,F,admitted
859,male,A,admitted
860,male,A,rejected
861,male,D,rejected
862,male,A,admitted
863,male,B,admitted
864,male,A,admitted
865,male,F,rejected
866,female,D,rejected
867,female,D,rejected
868,male,D,rejected
869,male,D,rejected
870,male,A,admitted
871,male,A,admitted
872,male,A,admitted
873,female,F,rejected
874,female,F,rejected
875,male,F,rejected
876,male,B,admitted
877,male,F,rejected
878,male,A,admitted
879,male,B,admitted
880,male,A,admitted
881,male,A,admitted
882,male,A,admitted
883,female,A,admitted
884,male,A,rejected
885,male,A,admitted
886,male,D,rejected
887,female,D,admitted
888,male,B,admitted
889,male,F,rejected
890,female,F,rejected
891,female,D,rejected
892,male,A,rejected
893,female,A,admitted
894,male,A,admitted
895,male,A,admitted
896,female,A,admitted
897,male,A,rejected
898,male,F,rejected
899,male,F,rejected
900,male,B,admitted
901,male,A,admitted
902,male,A,admitted
903,male,B,admitted
904,male,F,rejected
905,male,B,rejected
906,male,B,rejected
907,male,B,rejected
908,male,B,admitted
909,female,F,rejected
910,male,A,rejected
911,female,B,rejected
912,male,A,admitted
913,male,F,rejected
914,male,D,rejected
915,male,F,rejected
916,male,F,rejected
917,male,F,rejected
918,male,A,admitted
919,female,F,rejected
920,male,A,admitted
921,female,D,rejected
922,male,F,rejected
923,male,B,rejected
924,female,D,rejected
925,male,A,admitted
926,male,B,admitted
927,male,A,admitted
928,male,B,rejected
929,male,A,rejected
930,female,D,rejected
931,male,F,rejected
932,male,A,admitted
933,male,A,admitted
934,male,A,rejected
935,female,D,rejected
936,male,B,rejected
937,female,A,admitted
938,male,A,rejected
939,female,D,rejected
940,female,D,rejected
941,male,A,rejected
942,male,D,admitted
943,male,F,rejected
944,male,D,admitted
945,male,D,rejected
946,male,A,rejected
947,female,F,rejected
948,male,A,admitted
949,male,D,admitted
950,male,B,admitted
951,male,A,rejected
952,male,B,rejected
953,male,A,admitted
954,male,B,admitted
955,male,B,admitted
956,female,D,rejected
957,male,A,admitted
958,male,F,rejected
959,male,D,admitted
960,female,F,rejected
961,male,F,rejected
962,male,A,admitted
963,male,D,rejected
964,male,A,admitted
965,female,F,rejected
966,female,B,admitted
967,male,D,rejected
968,male,F,rejected
969,female,F,rejected
970,male,F,rejected
971,male,F,rejected
972,male,D,rejected
973,male,D,admitted
974,male,A,rejected
975,male,D,rejected
976,female,D,admitted
977,male,A,admitted
978,female,A,admitted
979,male,D,rejected
980,male,D,rejected
981,male,B,rejected
982,male,F,rejected
983,male,B,admitted
984,female,D,rejected
985,male,A,admitted
986,male,A,admitted
987,male,D,rejected
988,female,F,rejected
989,male,A,rejected
990,female,D,rejected
991,female,D,rejected
992,male,B,rejected
993,female,D,admitted
994,male,A,admitted
995,male,B,admitted
996,male,D,rejected
997,male,B,admitted
998,male,B,admitted
999,male,A,admitted
1000,female,D,rejected
1001,male,B,admitted
1002,female,F,rejected
1003,male,B,admitted
1004,male,A,admitted
1005,male,A,rejected
1006,male,A,rejected
1007,female,F,rejected
1008,male,A,admitted
1009,male,A,admitted
1010,female,F,rejected
1011,male,B,admitted
1012,female,A,admitted
1013,male,A,admitted
1014,female,A,admitted
1015,male,F,rejected
1016,female,F,rejected
1017,female,F,rejected
1018,male,F,rejected
1019,female,D,rejected
1020,male,D,rejected
1021,male,A,admitted
1022,female,F,rejected
1023,male,F,rejected
1024,male,D,rejected
1025,male,D,rejected
1026,male,A,admitted
1027,male,B,admitted
1028,male,A,admitted
1029,male,D,admitted
1030,female,F,rejected
1031,male,D,rejected
1032,male,A,admitted
1033,male,B,rejected
1034,male,B,admitted
1035,male,A,rejected
1036,male,A,admitted
1037,male,B,admitted
1038,male,A,admitted
1039,male,A,admitted
1040,female,D,rejected
1041,male,B,admitted
1042,female,A,admitted
1043,female,B,admitted
1044,male,B,admitted
1045,male,A,admitted
1046,male,F,rejected
1047,male,A,admitted
1048,male,A,admitted
1049,male,F,rejected
1050,male,A,admitted
1051,female,D,rejected
1052,male,B,admitted
1053,female,D,admitted
1054,male,A,admitted
1055,male,F,rejected
1056,male,A,admitted
1057,male,A,admitted
1058,male,B,admitted
1059,male,B,rejected
1060,male,B,rejected
1061,male,F,rejected
1062,male,B,admitted
1063,male,D,rejected
1064,male,B,rejected
1065,female,F,rejected
1066,male,B,admitted
1067,male,D,rejected
1068,male,B,admitted
1069,male,A,admitted
1070,male,D,admitted
1071,male,D,rejected
1072,male,B,admitted
1073,female,D,admitted
1074,male,B,rejected
1075,female,A,admitted
1076,male,B,admitted
1077,male,A,rejected
1078,male,A,admitted
1079,male,A,admitted
1080,male,D,admitted
1081,female,D,rejected
1082,male,F,rejected
1083,male,D,rejected
1084,male,B,admitted
1085,male,B,rejected
1086,male,D,rejected
1087,male,F,rejected
1088,male,F,rejected
1089,male,D,rejected
1090,male,F,rejected
1091,male,B,admitted
1092,female,D,admitted
1093,male,B,admitted
1094,female,D,admitted
1095,male,D,admitted
1096,male,D,rejected
1097,male,F,rejected
1098,male,A,admitted
1099,female,D,rejected
1100,male,B,rejected
1101,male,A,admitted
1102,male,A,admitted
1103,male,D,rejected
1104,female,D,rejected
1105,male,B,admitted
1106,male,D,admitted
1107,male,B,admitted
1108,female,A,admitted
1109,male,A,rejected
1110,male,A,rejected
1111,male,B,admitted
1112,male,F,rejected
1113,female,F,rejected
1114,male,B,admitted
1115,male,B,rejected
1116,male,B,admitted
1117,female,D,rejected
1118,male,B,admitted
1119,male,D,rejected
1120,male,D,rejected
1121,male,D,rejected
1122,male,F,rejected
1123,male,B,admitted
1124,female,A,rejected
1125,male,B,rejected
1126,male,D,admitted
1127,male,A,rejected
1128,male,B,rejected
1129,female,D,rejected
1130,male,A,admitted
1131,male,D,rejected
1132,male,F,rejected
1133,female,D,rejected
1134,male,F,rejected
1135,male,D,rejected
1136,female,A,admitted
1137,male,A,rejected
1138,male,D,rejected
1139,male,A,rejected
1140,male,A,admitted
1141,male,A,rejected
1142,male,B,admitted
1143,male,D,rejected
1144,male,A,admitted
1145,male,D,admitted
1146,male,A,admitted
1147,male,F,rejected
1148,male,A,rejected
1149,male,A,admitted
1150,female,D,rejected
1151,male,A,rejected
1152,male,A,admitted
1153,male,A,admitted
1154,female,D,rejected
1155,male,B,admitted
1156,male,B,rejected
1157,male,A,admitted
1158,male,B,rejected
1159,male,A,admitted
1160,female,F,rejected
1161,male,B,admitted
1162,male,D,rejected
1163,male,D,rejected
1164,female,D,rejected
1165,female,A,rejected
1166,male,A,rejected
1167,male,A,admitted
1168,female,D,rejected
1169,male,F,rejected
1170,male,B,admitted
1171,male,A,admitted
1172,male,A,admitted
1173,female,A,admitted
1174,male,D,rejected
1175,male,A,rejected
1176,male,A,rejected
1177,male,A,admitted
1178,male,B,admitted
1179,female,D,rejected
1180,male,D,rejected
1181,male,F,rejected
1182,female,D,admitted
1183,male,A,admitted
1184,male,D,rejected
1185,male,B,rejected
1186,female,F,rejected
1187,female,D,rejected
1188,male,F,rejected
1189,male,A,rejected
1190,male,B,rejected
1191,male,D,admitted
1192,male,F,rejected
1193,male,A,admitted
1194,male,D,rejected
1195,female,D,rejected
1196,female,D,admitted
1197,male,B,rejected
1198,male,B,admitted
1199,male,A,admitted
1200,male,B,admitted
1201,male,B,admitted
1202,male,F,rejected
1203,male,B,admitted
1204,male,B,admitted
1205,male,A,admitted
1206,female,F,rejected
1207,male,A,admitted
1208,female,D,rejected
1209,male,A,admitted
1210,female,F,rejected
1211,male,A,rejected
1212,female,D,rejected
1213,male,A,rejected
1214,female,F,rejected
1215,female,F,rejected
1216,male,A,rejected
1217,male,A,rejected
1218,female,D,admitted
1219,female,A,rejected
1220,male,D,rejected
1221,male,A,admitted
1222,male,B,rejected
1223,male,A,admitted
1224,male,F,rejected
1225,male,F,rejected
1226,male,F,rejected
1227,male,A,rejected
1228,male,F,rejected
1229,male,F,rejected
1230,female,F,rejected
1231,female,F,rejected
1232,male,B,admitted
1233,female,F,rejected
1234,male,B,admitted
1235,male,B,rejected
1236,male,A,admitted
1237,male,A,rejected
1238,male,F,rejected
1239,female,D,admitted
1240,female,A,admitted
1241,male,A,rejected
1242,male,D,admitted
1243,female,F,rejected
1244,male,D,rejected
1245,female,D,rejected
1246,male,A,rejected
1247,female,D,rejected
1248,male,B,rejected
1249,male,B,admitted
1250,male,B,admitted
1251,female,F,rejected
1252,female,D,rejected
1253,female,D,admitted
1254,female,A,rejected
1255,female,F,rejected
1256,male,D,admitted
1257,female,F,rejected
1258,male,A,rejected
1259,male,A,admitted
1260,male,A,rejected
1261,female,F,rejected
1262,male,D,rejected
1263,female,F,rejected
1264,female,A,admitted
1265,female,F,rejected
1266,male,A,rejected
1267,female,D,admitted
1268,male,F,rejected
1269,male,B,admitted
1270,female,D,admitted
1271,male,A,admitted
1272,male,B,rejected
1273,female,D,admitted
1274,male,D,rejected
1275,male,B,rejected
1276,female,D,rejected
1277,male,B,admitted
1278,male,F,rejected
1279,female,D,admitted
1280,male,F,rejected
1281,female,D,rejected
1282,female,D,rejected
1283,male,B,admitted
1284,male,A,rejected
1285,female,D,rejected
1286,male,B,rejected
1287,male,D,admitted
1288,female,D,admitted
1289,male,B,admitted
1290,female,D,rejected
1291,male,A,admitted
1292,male,A,rejected
1293,female,A,admitted
1294,male,D,rejected
1295,male,D,admitted
1296,male,B,rejected
1297,male,B,rejected
1298,female,D,rejected
1299,female,D,rejected
1300,male,A,rejected
1301,male,A,admitted
1302,male,F,rejected
1303,female,D,rejected
1304,male,A,admitted
1305,male,F,rejected
1306,male,D,admitted
1307,female,B,rejected
1308,male,A,rejected
1309,male,A,rejected
1310,female,F,rejected
1311,male,B,rejected
1312,male,D,admitted
1313,female,F,rejected
1314,male,A,admitted
1315,male,D,admitted
1316,male,A,admitted
1317,male,B,rejected
1318,male,A,admitted
1319,male,B,rejected
1320,female,F,rejected
1321,male,A,rejected
1322,male,A,admitted
1323,female,D,admitted
1324,female,A,admitted
1325,male,A,rejected
1326,male,A,admitted
1327,male,B,admitted
1328,female,F,rejected
1329,female,D,admitted
1330,female,D,rejected
1331,male,A,admitted
1332,male,A,rejected
1333,female,F,rejected
1334,male,B,admitted
1335,female,F,rejected
1336,female,A,admitted
1337,male,A,admitted
1338,female,D,rejected
1339,male,A,rejected
1340,male,F,rejected
1341,male,B,admitted
1342,male,B,admitted
1343,male,F,rejected
1344,male,D,admitted
1345,female,F,rejected
1346,female,D,rejected
1347,male,A,rejected
1348,female,D,admitted
1349,male,B,rejected
1350,male,F,rejected
1351,male,A,admitted
1352,male,D,rejected
1353,male,F,admitted
1354,male,A,admitted
1355,male,F,rejected
1356,female,F,rejected
1357,male,B,admitted
1358,female,A,admitted
1359,male,A,admitted
1360,male,A,admitted
1361,male,D,admitted
1362,female,F,rejected
1363,male,A,admitted
1364,female,D,rejected
1365,male,A,admitted
1366,female,F,rejected
1367,male,A,admitted
1368,male,F,rejected
1369,male,F,admitted
1370,male,B,admitted
1371,male,A,admitted
1372,male,A,rejected
1373,male,F,rejected
1374,male,A,rejected
1375,female,D,admitted
1376,female,F,admitted
1377,male,A,rejected
1378,male,F,rejected
1379,male,D,admitted
1380,male,A,admitted
1381,male,A,admitted
1382,male,A,admitted
1383,female,F,rejected
1384,male,A,rejected
1385,male,A,admitted
1386,male,B,rejected
1387,female,F,rejected
1388,male,D,rejected
1389,male,A,admitted
1390,male,A,rejected
1391,male,D,rejected
1392,male,D,admitted
1393,female,D,rejected
1394,male,A,admitted
1395,male,B,rejected
1396,male,B,rejected
1397,female,F,rejected
1398,female,A,admitted
1399,female,D,rejected
1400,male,D,rejected
1401,male,A,rejected
1402,male,A,admitted
1403,male,A,rejected
1404,male,A,rejected
1405,female,F,rejected
1406,male,D,rejected
1407,male,A,admitted
1408,male,D,rejected
1409,male,A,rejected
1410,male,D,rejected
1411,male,B,admitted
1412,male,D,rejected
1413,male,D,admitted
1414,female,D,rejected
1415,male,F,rejected
1416,male,A,rejected
1417,male,F,rejected
1418,male,B,admitted
1419,male,B,rejected
1420,male,A,admitted
1421,female,F,rejected
1422,male,D,admitted
1423,male,B,admitted
1424,male,A,admitted
1425,male,D,rejected
1426,male,D,rejected
1427,male,B,admitted
1428,female,D,rejected
1429,female,F,rejected
1430,male,A,admitted
1431,male,A,admitted
1432,female,D,rejected
1433,male,D,rejected
1434,female,D,admitted
1435,male,A,admitted
1436,male,F,rejected
1437,male,A,rejected
1438,male,B,rejected
1439,male,F,admitted
1440,male,A,admitted
1441,male,D,admitted
1442,female,F,rejected
1443,female,D,admitted
1444,male,B,admitted
1445,female,A,admitted
1446,male,B,rejected
1447,female,D,rejected
1448,male,A,rejected
1449,male,D,rejected
1450,female,D,rejected
1451,male,D,rejected
1452,male,F,rejected
1453,female,F,rejected
1454,male,A,rejected
1455,female,D,rejected
1456,female,A,admitted
1457,female,F,rejected
1458,male,A,admitted
1459,male,A,rejected
1460,female,D,rejected
1461,male,A,admitted
1462,female,D,rejected
1463,male,B,admitted
1464,male,B,rejected
1465,male,D,admitted
1466,male,F,rejected
1467,male,A,admitted
1468,male,A,rejected
1469,male,A,admitted
1470,male,A,admitted
1471,male,F,rejected
1472,male,B,admitted
1473,male,A,rejected
1474,male,A,admitted
1475,male,D,admitted
1476,female,A,rejected
1477,female,D,rejected
1478,male,A,admitted
1479,female,D,rejected
1480,male,D,rejected
1481,male,B,admitted
1482,male,B,rejected
1483,male,A,admitted
1484,male,D,admitted
1485,male,F,rejected
1486,male,F,rejected
1487,male,A,admitted
1488,male,B,admitted
1489,female,F,rejected
1490,male,A,rejected
1491,male,D,admitted
1492,male,B,admitted
1493,male,A,admitted
1494,female,D,rejected
1495,male,A,rejected
1496,female,D,admitted
1497,male,B,rejected
1498,male,B,admitted
1499,female,A,rejected
1500,male,F,rejected
1501,female,F,rejected
1502,male,B,admitted
1503,male,F,rejected
1504,female,D,rejected
1505,male,D,rejected
1506,female,D,rejected
1507,male,F,rejected
1508,male,A,admitted
1509,female,A,admitted
1510,female,F,rejected
1511,male,F,rejected
1512,female,D,rejected
1513,male,A,rejected
1514,female,D,admitted
1515,male,B,admitted
1516,male,F,rejected
1517,male,B,admitted
1518,male,F,rejected
1519,male,A,rejected
1520,female,D,rejected
1521,female,F,rejected
1522,male,A,admitted
1523,male,A,admitted
1524,male,A,rejected
1525,female,D,rejected
1526,male,D,rejected
1527,female,A,admitted
1528,female,D,rejected
1529,male,A,admitted
1530,male,A,admitted
1531,male,A,rejected
1532,female,F,rejected
1533,male,A,admitted
1534,female,A,admitted
1535,male,F,rejected
1536,female,A,admitted
1537,male,B,admitted
1538,male,A,admitted
1539,male,A,admitted
1540,female,B,admitted
1541,male,A,rejected
1542,male,A,admitted
1543,male,A,admitted
1544,male,F,rejected
1545,male,D,admitted
1546,male,D,rejected
1547,male,F,rejected
1548,male,A,admitted
1549,female,D,rejected
1550,male,B,admitted
1551,male,A,admitted
1552,male,A,rejected
1553,male,D,admitted
1554,male,A,admitted
1555,male,D,rejected
1556,female,B,admitted
1557,male,F,rejected
1558,male,B,admitted
1559,male,B,admitted
1560,female,D,admitted
1561,male,F,rejected
1562,male,A,rejected
1563,male,A,admitted
1564,female,D,admitted
1565,female,D,rejected
1566,male,A,rejected
1567,female,A,rejected
1568,male,F,rejected
1569,male,B,admitted
1570,male,F,rejected
1571,male,D,rejected
1572,male,D,rejected
1573,female,D,rejected
1574,male,F,rejected
1575,male,B,admitted
1576,male,A,admitted
1577,male,F,rejected
1578,male,A,rejected
1579,male,A,admitted
1580,female,F,rejected
1581,male,B,admitted
1582,female,F,rejected
1583,male,B,admitted
1584,male,F,rejected
1585,male,A,rejected
1586,male,D,admitted
1587,male,A,rejected
1588,male,D,rejected
1589,female,D,rejected
1590,male,A,admitted
1591,male,F,rejected
1592,male,A,admitted
1593,male,A,rejected
1594,male,F,rejected
1595,male,B,admitted
1596,male,F,rejected
1597,male,B,admitted
1598,male,A,admitted
1599,male,B,admitted
1600,male,A,admitted
1601,female,F,admitted
1602,male,A,rejected
1603,male,B,admitted
1604,male,F,rejected
1605,male,A,admitted
1606,male,D,rejected
1607,male,A,admitted
1608,male,B,admitted
1609,female,A,admitted
1610,male,D,rejected
1611,male,F,rejected
1612,male,A,admitted
1613,male,D,admitted
1614,male,B,rejected
1615,male,A,admitted
1616,male,F,rejected
1617,male,A,admitted
1618,male,A,admitted
1619,male,A,admitted
1620,female,A,admitted
1621,male,B,rejected
1622,male,F,rejected
1623,male,A,rejected
1624,male,A,rejected
1625,male,B,rejected
1626,male,A,rejected
1627,female,A,admitted
1628,female,A,rejected
1629,male,D,rejected
1630,male,A,admitted
1631,male,B,admitted
1632,male,B,admitted
1633,male,A,rejected
1634,female,D,rejected
1635,male,B,admitted
1636,female,A,admitted
1637,female,F,rejected
1638,male,F,rejected
1639,male,A,rejected
1640,male,D,admitted
1641,male,A,rejected
1642,male,A,admitted
1643,female,B,admitted
1644,male,A,admitted
1645,male,A,admitted
1646,male,A,admitted
1647,male,B,admitted
1648,male,D,rejected
1649,male,D,admitted
1650,female,D,rejected
1651,male,A,rejected
1652,male,A,rejected
1653,male,D,admitted
1654,female,F,admitted
1655,male,F,rejected
1656,female,F,rejected
1657,male,A,rejected
1658,male,F,rejected
1659,male,D,rejected
1660,male,A,rejected
1661,male,D,rejected
1662,male,B,admitted
1663,male,B,rejected
1664,female,D,admitted
1665,male,A,rejected
1666,male,D,rejected
1667,male,A,rejected
1668,male,B,rejected
1669,male,F,rejected
1670,male,A,rejected
1671,male,F,rejected
1672,male,B,admitted
1673,male,A,admitted
1674,male,A,admitted
1675,male,D,rejected
1676,male,A,rejected
1677,female,D,admitted
1678,male,A,admitted
1679,female,D,rejected
1680,male,F,rejected
1681,male,A,admitted
1682,male,D,rejected
1683,female,D,rejected
1684,female,D,admitted
1685,female,F,rejected
1686,male,D,rejected
1687,male,F,rejected
1688,male,B,rejected
1689,female,D,rejected
1690,male,A,rejected
1691,male,B,rejected
1692,male,F,rejected
1693,female,D,rejected
1694,male,B,admitted
1695,male,D,rejected
1696,male,D,rejected
1697,male,D,rejected
1698,male,B,admitted
1699,male,F,rejected
1700,male,F,rejected
1701,female,A,admitted
1702,male,F,rejected
1703,male,A,admitted
1704,male,B,admitted
1705,female,F,rejected
1706,male,A,rejected
1707,male,D,rejected
1708,male,B,admitted
1709,male,A,admitted
1710,male,B,admitted
1711,male,F,rejected
1712,female,F,rejected
1713,male,A,admitted
1714,male,A,admitted
1715,female,F,rejected
1716,female,F,rejected
1717,male,A,rejected
1718,male,F,rejected
1719,male,A,rejected
1720,female,D,admitted
1721,female,D,admitted
1722,female,F,rejected
1723,male,D,rejected
1724,male,F,rejected
1725,male,A,rejected
1726,male,F,rejected
1727,male,B,rejected
1728,male,D,rejected
1729,female,F,rejected
1730,male,B,rejected
1731,male,F,rejected
1732,male,A,admitted
1733,male,A,rejected
1734,female,D,admitted
1735,male,A,admitted
1736,male,A,admitted
1737,male,B,admitted
1738,male,A,admitted
1739,male,B,admitted
1740,male,A,admitted
1741,male,D,rejected
1742,male,B,admitted
1743,male,B,rejected
1744,male,A,rejected
1745,male,A,admitted
1746,male,A,rejected
1747,female,F,rejected
1748,male,A,admitted
1749,female,D,rejected
1750,male,A,rejected
1751,male,A,admitted
1752,male,B,rejected
1753,male,A,rejected
1754,female,A,admitted
1755,male,A,admitted
1756,male,A,admitted
1757,female,D,rejected
1758,male,A,admitted
1759,female,A,admitted
1760,male,A,rejected
1761,male,F,rejected
1762,female,D,admitted
1763,male,B,admitted
1764,male,F,rejected
1765,male,A,admitted
1766,male,A,admitted
1767,male,A,admitted
1768,male,A,admitted
1769,male,B,rejected
1770,male,F,rejected
1771,female,F,rejected
1772,male,B,admitted
1773,female,D,admitted
1774,male,D,admitted
1775,male,F,rejected
1776,male,F,rejected
1777,female,D,rejected
1778,male,A,admitted
1779,male,D,rejected
1780,male,B,rejected
1781,male,A,admitted
1782,male,A,rejected
1783,male,A,admitted
1784,male,A,rejected
1785,female,F,rejected
1786,male,B,admitted
1787,male,F,rejected
1788,male,B,admitted
1789,male,F,rejected
1790,female,F,rejected
1791,male,A,admitted
1792,male,B,admitted
1793,female,F,rejected
1794,female,D,admitted
1795,male,F,rejected
1796,male,D,rejected
1797,male,B,admitted
1798,male,B,admitted
1799,male,D,admitted
1800,male,A,admitted
1801,female,F,rejected
1802,male,A,admitted
1803,male,A,admitted
1804,male,B,rejected
1805,male,D,rejected
1806,female,D,rejected
1807,male,A,admitted
1808,male,B,rejected
1809,female,F,rejected
1810,male,F,rejected
1811,male,A,rejected
1812,male,A,rejected
1813,male,D,rejected
1814,male,D,rejected
1815,male,B,admitted
1816,male,F,rejected
1817,male,A,admitted
1818,male,D,admitted
1819,female,D,admitted
1820,female,F,rejected
1821,male,A,admitted
1822,male,B,admitted
1823,female,F,rejected
1824,male,A,rejected
1825,male,B,admitted
1826,male,B,rejected
1827,male,D,admitted
1828,male,A,admitted
1829,male,A,rejected
1830,male,D,rejected
1831,male,A,rejected
1832,male,A,admitted
1833,male,A,admitted
1834,male,A,rejected
1835,male,F,rejected
1836,female,F,rejected
1837,male,F,rejected
1838,female,D,admitted
1839,male,D,rejected
1840,male,B,rejected
1841,male,B,admitted
1842,male,A,rejected
1843,male,A,admitted
1844,female,D,rejected
1845,male,B,rejected
1846,male,F,rejected
1847,female,D,rejected
1848,male,F,rejected
1849,female,D,admitted
1850,male,A,rejected
1851,male,B,rejected
1852,male,D,rejected
1853,male,F,rejected
1854,male,F,rejected
1855,male,A,rejected
1856,male,D,rejected
1857,male,B,admitted
1858,male,D,admitted
1859,male,B,admitted
1860,male,B,rejected
1861,female,D,admitted
1862,male,F,rejected
1863,female,D,admitted
1864,female,D,rejected
1865,male,A,rejected
1866,female,D,rejected
1867,male,F,rejected
1868,male,D,rejected
1869,female,F,rejected
1870,male,F,rejected
1871,female,D,rejected
1872,male,A,admitted
1873,female,F,admitted
1874,male,A,admitted
1875,male,D,admitted
1876,female,F,rejected
1877,male,D,rejected
1878,female,F,rejected
1879,female,F,rejected
1880,male,A,rejected
1881,female,F,rejected
1882,male,F,rejected
1883,male,F,rejected
1884,male,A,rejected
1885,male,A,admitted
1886,male,B,rejected
1887,male,B,rejected
1888,male,A,admitted
1889,male,A,rejected
1890,male,B,rejected
1891,female,A,admitted
1892,female,D,rejected
1893,male,A,rejected
1894,male,B,rejected
1895,female,D,rejected
1896,male,F,rejected
1897,female,D,rejected
1898,male,A,admitted
1899,male,A,admitted
1900,male,A,admitted
1901,male,D,admitted
1902,male,B,admitted
1903,male,A,admitted
1904,male,A,admitted
1905,female,D,admitted
1906,female,F,rejected
1907,male,A,rejected
1908,female,D,admitted
1909,male,A,rejected
1910,female,F,rejected
1911,male,B,admitted
1912,male,A,rejected
1913,male,F,rejected
1914,male,F,rejected
1915,female,F,rejected
1916,male,A,admitted
1917,male,B,admitted
1918,male,A,admitted
1919,female,D,admitted
1920,male,A,rejected
1921,male,A,admitted
1922,male,A,admitted
1923,male,F,rejected
1924,male,A,admitted
1925,male,F,rejected
1926,female,F,rejected
1927,female,A,admitted
1928,male,A,admitted
1929,female,D,admitted
1930,male,A,admitted
1931,female,A,admitted
1932,male,B,rejected
1933,male,F,rejected
1934,male,B,rejected
1935,female,D,admitted
1936,male,F,rejected
1937,male,D,admitted
1938,male,F,rejected
1939,male,B,admitted
1940,female,F,admitted
1941,female,D,rejected
1942,male,A,admitted
1943,male,B,admitted
1944,male,B,rejected
1945,male,F,rejected
1946,male,D,rejected
1947,female,A,admitted
1948,male,B,admitted
1949,male,B,admitted
1950,male,D,rejected
1951,female,D,rejected
1952,male,B,admitted
1953,female,F,rejected
1954,male,F,rejected
1955,male,F,rejected
1956,male,B,rejected
1957,female,F,admitted
1958,male,F,rejected
1959,male,F,rejected
1960,male,A,rejected
1961,male,A,rejected
1962,male,D,rejected
1963,male,B,admitted
1964,male,F,rejected
1965,male,F,rejected
1966,male,D,rejected
1967,male,F,rejected
1968,male,A,admitted
1969,male,B,admitted
1970,female,F,rejected
1971,female,D,admitted
1972,female,F,rejected
1973,male,A,admitted
1974,female,D,admitted
1975,male,D,rejected
1976,male,B,admitted
1977,male,F,rejected
1978,male,D,rejected
1979,female,F,rejected
1980,male,A,admitted
1981,male,A,rejected
1982,female,D,admitted
1983,male,D,admitted
1984,male,D,rejected
1985,male,A,rejected
1986,male,D,rejected
1987,male,D,rejected
1988,male,D,admitted
1989,male,F,rejected
1990,male,B,admitted
1991,male,A,rejected
1992,female,F,rejected
1993,male,A,admitted
1994,female,F,rejected
1995,male,A,rejected
1996,female,D,rejected
1997,female,D,rejected
1998,male,F,rejected
1999,male,F,admitted
2000,male,A,admitted
2001,female,F,rejected
2002,male,F,rejected
2003,female,A,admitted
2004,male,D,rejected
2005,female,D,admitted
2006,male,A,admitted
2007,female,D,admitted
2008,male,A,rejected
2009,male,A,admitted
2010,male,D,rejected
2011,male,A,admitted
2012,male,B,rejected
2013,male,A,admitted
2014,male,B,rejected
2015,male,B,admitted
2016,male,A,admitted
2017,male,B,admitted
2018,male,D,admitted
2019,male,A,admitted
2020,male,A,rejected
2021,male,D,rejected
2022,female,D,admitted
2023,male,A,admitted
2024,male,D,rejected
2025,female,D,rejected
2026,male,F,rejected
2027,male,D,admitted
2028,male,A,admitted
2029,female,A,rejected
2030,female,F,rejected
2031,male,A,rejected
2032,male,A,rejected
2033,male,B,admitted
2034,male,B,admitted
2035,male,A,admitted
2036,male,A,admitted
2037,male,B,rejected
2038,male,A,admitted
2039,female,B,rejected
2040,male,B,admitted
2041,female,F,rejected
2042,male,A,rejected
2043,female,F,admitted
2044,male,A,rejected
2045,male,B,admitted
2046,male,B,admitted
2047,female,D,admitted
2048,male,B,admitted
2049,female,F,rejected
2050,male,F,rejected
2051,male,B,rejected
2052,male,A,admitted
2053,male,A,rejected
2054,female,D,rejected
2055,male,A,admitted
2056,female,F,rejected
2057,female,B,admitted
2058,male,F,rejected
2059,male,B,admitted
2060,male,B,admitted
2061,male,D,admitted
2062,male,B,rejected
2063,male,B,rejected
2064,female,D,rejected
2065,male,D,admitted
2066,male,A,rejected
2067,male,D,admitted
2068,female,F,rejected
2069,male,F,admitted
2070,male,F,rejected
2071,male,A,admitted
2072,male,A,admitted
2073,male,A,rejected
2074,female,F,rejected
2075,male,A,admitted
2076,female,D,admitted
2077,male,A,admitted
2078,female,D,admitted
2079,male,D,rejected
2080,male,B,admitted
2081,male,F,rejected
2082,male,B,admitted
2083,male,F,rejected
2084,male,D,rejected
2085,male,A,admitted
2086,male,F,rejected
2087,male,F,rejected
2088,male,F,rejected
2089,female,F,rejected
2090,male,F,rejected
2091,male,A,admitted
2092,male,D,rejected
2093,female,F,rejected
2094,male,B,rejected
2095,female,F,rejected
2096,female,D,rejected
2097,male,A,rejected
2098,male,D,rejected
2099,male,B,admitted
2100,male,D,rejected
2101,female,D,rejected
2102,male,D,rejected
2103,female,D,rejected
2104,male,A,admitted
2105,female,F,rejected
2106,male,B,rejected
2107,male,A,admitted
2108,female,D,admitted
2109,male,A,admitted
2110,male,A,admitted
2111,female,F,rejected
2112,male,A,admitted
2113,male,A,rejected
2114,female,D,rejected
2115,male,B,admitted
2116,female,D,rejected
2117,male,A,admitted
2118,male,D,rejected
2119,male,F,admitted
2120,male,A,admitted
2121,male,F,rejected
2122,male,A,admitted
2123,male,B,admitted
2124,male,F,rejected
2125,female,D,rejected
2126,female,F,admitted
2127,male,A,admitted
2128,male,D,admitted
2129,male,D,admitted
2130,male,B,admitted
2131,female,D,admitted
2132,male,A,admitted
2133,female,D,rejected
2134,female,F,rejected
2135,female,A,admitted
2136,male,B,admitted
2137,female,A,admitted
2138,male,F,rejected
2139,male,A,admitted
2140,male,A,admitted
2141,male,A,rejected
2142,female,F,rejected
2143,male,B,admitted
2144,male,B,admitted
2145,male,A,admitted
2146,male,F,rejected
2147,male,F,rejected
2148,male,F,admitted
2149,male,F,rejected
2150,male,B,admitted
2151,male,D,rejected
2152,male,F,admitted
2153,female,F,rejected
2154,male,F,rejected
2155,male,F,rejected
2156,female,D,rejected
2157,male,A,admitted
2158,male,A,admitted
2159,male,A,admitted
2160,male,B,admitted
2161,male,A,rejected
2162,male,B,rejected
2163,male,A,admitted
2164,male,D,admitted
2165,female,D,rejected
2166,male,B,rejected
2167,male,A,admitted
2168,male,F,rejected
2169,male,A,rejected
2170,male,D,rejected
2171,male,D,rejected
2172,female,D,rejected
2173,male,B,admitted
2174,female,F,rejected
2175,male,F,rejected
2176,male,A,rejected
2177,male,F,rejected
2178,male,B,admitted
2179,male,B,admitted
2180,male,A,rejected
2181,female,F,rejected
2182,male,A,rejected
2183,male,A,admitted
2184,male,A,rejected
2185,male,A,admitted
2186,male,A,admitted
2187,male,F,rejected
2188,male,B,admitted
2189,female,F,rejected
2190,male,A,rejected
2191,male,D,admitted
2192,male,F,rejected
2193,female,D,admitted
2194,male,F,rejected
2195,male,A,admitted
2196,male,B,rejected
2197,male,A,admitted
2198,male,A,admitted
2199,male,B,admitted
2200,female,F,rejected
2201,male,B,admitted
2202,female,F,rejected
2203,male,B,rejected
2204,male,B,admitted
2205,male,D,admitted
2206,male,A,admitted
2207,male,D,rejected
2208,male,B,admitted
2209,male,A,admitted
2210,male,D,rejected
2211,male,B,rejected
2212,male,F,rejected
2213,female,F,rejected
2214,female,F,rejected
2215,male,F,rejected
2216,male,A,admitted
2217,female,B,admitted
2218,male,D,admitted
2219,male,B,admitted
2220,female,F,rejected
2221,female,A,admitted
2222,female,A,admitted
2223,male,B,admitted
2224,male,D,rejected
2225,male,A,rejected
2226,male,B,admitted
2227,male,B,admitted
2228,male,D,admitted
2229,male,D,admitted
2230,male,B,admitted
2231,male,D,admitted
2232,male,A,admitted
2233,female,F,rejected
2234,female,F,rejected
2235,female,F,rejected
2236,male,D,rejected
2237,female,D,rejected
2238,male,A,rejected
2239,male,D,admitted
2240,female,F,rejected
2241,female,B,admitted
2242,female,F,rejected
2243,male,F,rejected
2244,male,D,rejected
2245,female,D,rejected
2246,male,D,rejected
2247,male,B,admitted
2248,male,D,rejected
2249,female,F,rejected
2250,female,A,admitted
2251,male,F,rejected
2252,female,A,admitted
2253,male,A,rejected
2254,male,A,admitted
2255,male,A,admitted
2256,female,D,rejected
2257,male,A,admitted
2258,male,D,rejected
2259,male,A,admitted
2260,female,D,rejected
2261,female,F,rejected
2262,male,D,admitted
2263,female,F,admitted
2264,male,A,admitted
2265,female,D,rejected
2266,male,A,admitted
2267,female,F,rejected
2268,male,F,rejected
2269,male,F,rejected
2270,male,D,admitted
2271,male,F,rejected
2272,male,B,admitted
2273,female,F,rejected
2274,male,A,admitted
2275,male,D,admitted
2276,male,A,admitted
2277,female,D,rejected
2278,male,F,rejected
2279,male,B,admitted
2280,female,F,rejected
2281,male,B,rejected
2282,male,D,rejected
2283,male,B,admitted
2284,male,F,rejected
2285,male,B,admitted
2286,female,D,rejected
2287,male,A,admitted
2288,male,F,rejected
2289,male,B,admitted
2290,male,B,admitted
2291,male,B,rejected
2292,male,B,admitted
2293,female,D,rejected
2294,male,B,rejected
2295,male,D,rejected
2296,male,B,rejected
2297,female,D,admitted
2298,female,A,admitted
2299,male,A,admitted
2300,male,B,rejected
2301,female,A,admitted
2302,female,D,admitted
2303,male,A,admitted
2304,male,B,rejected
2305,female,F,rejected
2306,male,F,rejected
2307,male,D,admitted
2308,female,D,rejected
2309,male,D,rejected
2310,male,B,rejected
2311,male,A,admitted
2312,female,D,rejected
2313,male,D,rejected
2314,female,F,rejected
2315,male,D,admitted
2316,male,B,admitted
2317,male,D,rejected
2318,male,B,admitted
2319,male,A,admitted
2320,male,B,admitted
2321,female,F,rejected
2322,female,D,rejected
2323,male,F,rejected
2324,female,D,admitted
2325,male,A,rejected
2326,male,A,admitted
2327,female,D,rejected
2328,male,B,rejected
2329,male,B,admitted
2330,male,B,admitted
2331,male,F,rejected
2332,male,A,admitted
2333,male,D,admitted
2334,male,A,admitted
2335,female,D,rejected
2336,female,F,rejected
2337,female,F,rejected
2338,male,A,admitted
2339,female,A,rejected
2340,male,B,admitted
2341,female,D,rejected
2342,female,F,rejected
2343,female,D,admitted
2344,female,F,rejected
2345,male,A,rejected
2346,male,A,admitted
2347,male,A,admitted
2348,male,D,rejected
2349,male,B,admitted
2350,male,A,admitted
2351,male,B,rejected
2352,male,A,rejected
2353,male,D,rejected
2354,male,A,rejected
2355,male,A,admitted
2356,female,D,rejected
2357,female,A,admitted
2358,male,B,admitted
2359,male,F,rejected
2360,male,D,admitted
2361,female,F,rejected
2362,female,D,admitted
2363,male,B,admitted
2364,male,B,admitted
2365,female,A,admitted
2366,male,D,rejected
2367,female,F,rejected
2368,female,D,rejected
2369,male,B,admitted
2370,female,D,rejected
2371,male,B,rejected
2372,female,F,rejected
2373,male,A,rejected
2374,female,F,rejected
2375,female,D,admitted
2376,male,D,rejected
2377,female,F,rejected
2378,male,D,admitted
2379,male,B,admitted
2380,male,B,rejected
2381,female,F,rejected
2382,male,F,rejected
2383,male,B,admitted
2384,male,D,rejected
2385,female,F,rejected
2386,male,F,rejected
2387,male,A,admitted
2388,female,F,rejected
2389,male,F,admitted
2390,female,A,admitted
2391,male,A,admitted
2392,male,B,rejected
2393,male,B,admitted
2394,male,A,admitted
2395,male,A,rejected
2396,male,B,admitted
2397,male,D,rejected
2398,male,A,admitted
2399,female,D,admitted
2400,female,D,admitted
2401,female,F,rejected
2402,female,F,admitted
2403,male,A,admitted
2404,male,A,rejected
2405,female,D,rejected
2406,male,D,admitted
2407,female,F,rejected
2408,male,D,admitted
2409,female,F,admitted
2410,female,F,rejected
2411,male,F,rejected
2412,male,A,admitted
2413,female,D,admitted
2414,female,F,rejected
2415,male,B,rejected
2416,male,D,rejected
2417,male,B,rejected
2418,male,A,admitted
2419,male,B,rejected
2420,male,D,admitted
2421,male,D,rejected
2422,male,A,admitted
2423,male,A,rejected
2424,male,F,rejected
2425,male,A,rejected
2426,female,F,rejected
2427,male,D,rejected
2428,male,A,admitted
2429,male,D,rejected
2430,male,A,admitted
2431,male,A,admitted
2432,male,F,rejected
2433,female,D,rejected
2434,female,A,admitted
2435,female,D,rejected
2436,male,B,admitted
2437,male,D,rejected
2438,male,B,rejected
2439,male,A,rejected
2440,female,F,rejected
2441,male,F,rejected
2442,female,D,rejected
2443,male,F,rejected
2444,male,D,rejected
2445,male,A,admitted
2446,male,D,admitted
2447,male,A,rejected
2448,female,D,rejected
2449,male,D,admitted
2450,female,F,rejected
2451,male,B,admitted
2452,male,D,rejected
2453,male,A,admitted
2454,male,A,rejected
2455,male,A,rejected
2456,male,D,rejected
2457,male,A,admitted
2458,female,F,rejected
2459,male,D,rejected
2460,male,D,rejected
2461,male,B,rejected
2462,female,F,rejected
2463,male,F,rejected
2464,female,F,rejected
2465,female,F,rejected
2466,female,F,rejected
2467,female,D,admitted
2468,female,A,admitted
2469,male,B,rejected
2470,female,A,admitted
2471,female,D,admitted
2472,female,F,rejected
2473,male,F,admitted
2474,female,D,rejected
2475,female,D,rejected
2476,male,A,rejected
2477,female,F,rejected
2478,male,A,admitted
2479,male,B,admitted
2480,female,D,admitted
2481,female,F,rejected
2482,male,F,rejected
2483,male,B,rejected
2484,female,D,rejected
2485,female,D,rejected
2486,male,D,admitted
2487,male,A,admitted
2488,female,F,rejected
2489,male,D,admitted
2490,male,B,admitted
2491,female,D,admitted
2492,male,B,admitted
2493,male,A,rejected
2494,male,B,admitted
2495,male,A,admitted
2496,male,F,rejected
2497,male,B,admitted
2498,male,D,rejected
2499,male,F,rejected
2500,male,D,rejected
2501,male,A,admitted
2502,male,F,admitted
2503,male,D,admitted
2504,male,F,rejected
2505,male,B,rejected
2506,male,B,admitted
2507,male,B,admitted
2508,male,D,rejected
2509,female,F,rejected
2510,male,D,rejected
2511,female,F,rejected
2512,female,F,rejected
2513,female,F,rejected
2514,male,A,rejected
2515,male,F,rejected
2516,male,A,admitted
2517,male,A,admitted
2518,male,D,rejected
2519,male,B,admitted
2520,male,B,admitted
2521,female,F,rejected
2522,female,A,admitted
2523,male,B,admitted
2524,male,A,admitted
2525,female,A,admitted
2526,male,A,rejected
2527,male,A,admitted
2528,male,F,rejected
2529,male,B,admitted
2530,female,A,admitted
2531,male,F,rejected
2532,female,F,admitted
2533,male,D,admitted
2534,male,A,admitted
2535,male,D,rejected
2536,male,D,rejected
2537,female,A,admitted
2538,male,A,admitted
2539,male,B,rejected
2540,male,A,admitted
2541,male,D,admitted
2542,male,B,rejected
2543,male,A,admitted
2544,male,B,admitted
2545,male,B,rejected
2546,female,D,admitted
2547,male,F,rejected
2548,male,B,rejected
2549,male,D,admitted
2550,female,D,rejected
2551,male,B,rejected
2552,male,F,rejected
2553,female,F,rejected
2554,male,D,rejected
2555,female,D,rejected
2556,male,F,rejected
2557,female,D,rejected
2558,male,A,rejected
2559,male,B,admitted
2560,female,D,rejected
2561,female,D,admitted
2562,male,A,rejected
2563,male,B,rejected
2564,female,D,admitted
2565,female,D,admitted
2566,male,A,admitted
2567,male,A,rejected
2568,male,A,admitted
2569,female,A,admitted
2570,male,A,admitted
2571,male,B,admitted
2572,female,F,rejected
2573,male,A,admitted
2574,male,F,rejected
2575,male,B,rejected
2576,male,A,rejected
2577,male,B,rejected
2578,female,F,rejected
2579,male,A,admitted
2580,female,B,rejected
2581,male,B,rejected
2582,male,F,rejected
2583,male,B,admitted
2584,male,B,rejected
2585,male,A,admitted
2586,female,D,rejected
2587,male,F,rejected
2588,male,B,admitted
2589,male,F,rejected
2590,female,F,rejected
2591,male,D,rejected
2592,male,A,admitted
2593,female,F,rejected
2594,female,D,rejected
2595,female,D,rejected
2596,male,F,rejected
2597,male,D,rejected
2598,female,D,rejected
2599,male,A,admitted
2600,male,A,rejected
2601,male,D,rejected
2602,male,B,admitted
2603,male,B,rejected
2604,male,D,rejected
2605,female,D,admitted
2606,male,B,rejected
2607,female,F,rejected
2608,female,F,rejected
2609,female,A,rejected
2610,male,D,rejected
2611,male,F,rejected
2612,male,A,admitted
2613,male,F,rejected
2614,female,F,rejected
2615,male,A,rejected
2616,male,B,rejected
2617,male,A,admitted
2618,male,B,rejected
2619,male,A,rejected
2620,male,A,rejected
2621,male,F,admitted
2622,male,D,rejected
2623,male,A,rejected
2624,male,A,rejected
2625,male,A,rejected
2626,female,F,rejected
2627,female,D,admitted
2628,male,A,rejected
2629,male,D,rejected
2630,male,B,rejected
2631,male,A,rejected
2632,male,B,rejected
2633,female,D,rejected
2634,male,A,admitted
2635,male,F,rejected
2636,female,F,rejected
2637,female,A,rejected
2638,female,F,rejected
2639,male,D,admitted
2640,male,A,rejected
2641,male,A,rejected
2642,male,A,admitted
2643,male,A,rejected
2644,male,F,rejected
2645,male,D,admitted
2646,male,D,rejected
2647,female,D,rejected
2648,male,D,rejected
2649,female,D,admitted
2650,male,A,rejected
2651,male,F,admitted
2652,female,D,rejected
2653,female,F,rejected
2654,male,B,admitted
2655,male,F,admitted
2656,male,D,admitted
2657,male,B,rejected
2658,male,D,rejected
2659,female,A,admitted
2660,male,B,rejected
2661,female,D,rejected
2662,female,F,rejected
2663,male,F,rejected
2664,male,F,rejected
2665,female,D,rejected
2666,female,D,rejected
2667,female,D,rejected
2668,female,D,rejected
2669,male,F,admitted
2670,male,A,admitted
2671,male,F,rejected
2672,male,B,admitted
2673,male,D,rejected
2674,male,D,rejected
2675,male,A,admitted
2676,female,F,rejected
2677,male,B,admitted
2678,male,B,rejected
2679,male,A,admitted
2680,male,D,rejected
2681,female,F,rejected
2682,male,D,rejected
2683,male,A,admitted
2684,female,F,rejected
2685,male,B,admitted
2686,female,F,rejected
2687,female,D,rejected
2688,male,B,rejected
2689,male,F,rejected
2690,male,A,rejected
2691,male,B,rejected
2692,male,A,admitted
2693,male,A,admitted
2694,female,D,admitted
2695,male,D,admitted
2696,female,D,rejected
2697,male,F,rejected
2698,male,B,admitted
2699,male,A,admitted
2700,female,F,rejected
2701,female,B,rejected
2702,male,A,admitted
2703,male,D,rejected
2704,male,B,admitted
2705,male,A,admitted
2706,male,B,admitted
2707,male,B,rejected
2708,male,F,rejected
2709,male,A,rejected
2710,female,F,rejected
2711,male,A,admitted
2712,male,D,rejected
2713,male,B,admitted
2714,male,F,rejected
2715,male,A,admitted
2716,male,A,rejected
2717,male,A,admitted
2718,male,F,rejected
2719,female,F,rejected
2720,male,B,admitted
2721,male,B,admitted
2722,female,D,rejected
2723,male,A,rejected
2724,male,D,rejected
2725,male,D,admitted
2726,male,D,admitted
2727,male,D,admitted
2728,male,B,rejected
2729,male,D,admitted
2730,female,F,rejected
2731,male,D,rejected
2732,male,F,rejected
2733,female,A,admitted
2734,female,A,admitted
2735,male,A,admitted
2736,male,F,rejected
2737,male,F,rejected
2738,male,B,admitted
2739,female,D,admitted
2740,female,A,admitted
2741,male,D,admitted
2742,male,A,admitted
2743,male,D,rejected
2744,female,F,rejected
2745,male,B,rejected
2746,female,F,rejected
2747,male,A,rejected
2748,male,D,rejected
2749,female,F,rejected
2750,female,F,rejected
2751,female,F,rejected
2752,female,A,admitted
2753,male,A,rejected
2754,female,F,admitted
2755,male,A,admitted
2756,female,D,rejected
2757,male,B,admitted
2758,male,B,admitted
2759,male,D,rejected
2760,male,B,admitted
2761,female,A,admitted
2762,male,B,rejected
2763,female,D,rejected
2764,male,A,rejected
2765,male,F,rejected
2766,female,D,rejected
2767,male,B,admitted
2768,male,D,admitted
2769,male,F,rejected
2770,male,B,admitted
2771,male,A,admitted
2772,female,D,admitted
2773,female,F,rejected
2774,female,D,rejected
2775,male,F,rejected
2776,male,B,admitted
2777,female,F,rejected
2778,male,D,rejected
2779,male,F,rejected
2780,male,A,admitted
2781,male,A,rejected
2782,male,D,admitted
2783,male,B,rejected
2784,female,D,rejected
2785,male,F,admitted
2786,male,B,rejected
2787,male,A,rejected
2788,male,A,admitted
2789,female,D,rejected
2790,male,B,admitted
2791,male,B,rejected
2792,male,D,rejected
2793,female,D,admitted
2794,female,A,rejected
2795,male,A,admitted
2796,female,D,admitted
2797,male,A,admitted
2798,male,A,admitted
2799,male,D,rejected
2800,male,B,admitted
2801,male,D,rejected
2802,male,B,admitted
2803,male,D,rejected
2804,male,B,admitted
2805,male,D,admitted
2806,male,A,rejected
2807,male,B,admitted
2808,male,B,rejected
2809,male,B,admitted
2810,male,F,rejected
2811,male,A,admitted
2812,male,A,rejected
2813,male,A,admitted
2814,female,F,rejected
2815,male,B,rejected
2816,female,F,rejected
2817,female,D,admitted
2818,male,F,rejected
2819,male,A,rejected
2820,male,A,rejected
2821,female,D,admitted
2822,male,B,admitted
2823,male,A,rejected
2824,male,A,rejected
2825,female,F,rejected
2826,male,B,admitted
2827,male,A,rejected
2828,male,A,admitted
2829,female,F,rejected
2830,female,A,rejected
2831,female,A,admitted
2832,male,A,admitted
2833,male,D,rejected
2834,male,D,rejected
2835,male,B,admitted
2836,female,F,rejected
2837,female,F,admitted
2838,male,A,rejected
2839,male,A,rejected
2840,male,B,rejected
2841,female,F,rejected
2842,male,A,admitted
2843,male,A,rejected
2844,female,F,rejected
2845,male,A,admitted
2846,male,D,rejected
2847,male,D,admitted
2848,male,D,rejected
2849,male,D,admitted
2850,female,D,admitted
2851,female,F,rejected
2852,male,A,rejected
2853,male,B,admitted
2854,male,D,rejected
2855,male,B,admitted
2856,female,D,rejected
2857,male,F,rejected
2858,female,F,rejected
2859,male,D,admitted
2860,female,D,admitted
2861,female,D,rejected
2862,male,A,admitted
2863,male,A,rejected
2864,female,D,rejected
2865,male,A,admitted
2866,male,A,admitted
2867,male,B,rejected
2868,female,F,rejected
2869,male,A,rejected
2870,male,A,rejected
2871,male,F,rejected
2872,male,D,admitted
2873,male,D,rejected
2874,female,D,rejected
2875,female,D,rejected
2876,male,B,admitted
2877,female,A,admitted
2878,female,D,rejected
2879,male,B,rejected
2880,male,D,rejected
2881,male,A,admitted
2882,female,D,rejected
2883,male,A,rejected
2884,female,F,rejected
2885,male,A,admitted
2886,male,B,admitted
2887,male,B,admitted
2888,female,F,rejected
2889,female,D,admitted
2890,female,D,rejected
2891,female,D,rejected
2892,female,F,rejected
2893,male,F,rejected
2894,male,F,rejected
2895,female,F,rejected
2896,male,A,admitted
2897,male,B,admitted
2898,male,F,admitted
2899,male,A,admitted
2900,female,F,rejected
2901,male,F,rejected
2902,female,D,admitted
2903,female,F,rejected
2904,male,F,rejected
2905,male,D,rejected
2906,male,B,rejected
2907,female,F,admitted
2908,male,B,rejected
2909,male,A,admitted
2910,male,D,rejected
2911,male,B,rejected
2912,male,B,rejected
2913,male,A,rejected
2914,female,D,rejected
2915,female,D,rejected
2916,male,B,admitted
2917,male,A,rejected
2918,male,F,rejected
2919,female,F,rejected
2920,male,D,rejected
2921,male,D,rejected
2922,male,B,rejected
2923,female,F,rejected
2924,male,B,admitted
2925,male,A,admitted
2926,female,B,admitted
2927,male,B,rejected
2928,male,B,admitted
2929,female,F,rejected
2930,female,F,rejected
2931,male,B,rejected
2932,male,F,rejected
2933,female,F,rejected
2934,male,B,rejected
2935,male,B,admitted
2936,male,B,admitted
2937,male,A,rejected
2938,male,D,rejected
2939,male,D,rejected
2940,female,A,rejected
2941,female,F,rejected
2942,male,A,admitted
2943,male,D,rejected
2944,female,F,admitted
2945,male,B,admitted
2946,female,F,admitted
2947,male,D,admitted
2948,male,B,rejected
2949,male,B,rejected
2950,male,F,rejected
2951,male,B,admitted
2952,male,F,rejected
2953,female,D,admitted
2954,female,F,rejected
2955,female,F,rejected
2956,male,B,admitted
2957,male,F,rejected
2958,male,F,rejected
2959,male,F,rejected
2960,male,A,admitted
2961,female,F,rejected
2962,male,A,admitted
2963,male,A,admitted
2964,female,D,admitted
2965,male,B,admitted
2966,male,A,rejected
2967,male,A,admitted
2968,male,A,admitted
2969,male,B,admitted
2970,male,A,admitted
2971,female,A,admitted
2972,male,A,admitted
2973,male,A,admitted
2974,male,D,admitted
2975,male,D,rejected
2976,male,B,admitted
2977,male,A,admitted
2978,male,A,admitted
2979,male,A,admitted
2980,male,A,admitted
2981,male,D,rejected
2982,male,A,admitted
2983,male,A,rejected
2984,male,F,rejected
2985,female,D,admitted
2986,male,D,rejected
2987,male,A,rejected
2988,male,D,rejected
2989,female,F,rejected
2990,female,D,rejected
2991,female,D,rejected
2992,male,F,admitted
2993,male,F,rejected
2994,male,D,rejected
2995,female,D,rejected
2996,female,D,rejected
2997,female,A,admitted
2998,male,B,rejected
2999,male,A,admitted
3000,male,F,rejected
3001,male,A,rejected
3002,male,B,admitted
3003,female,D,admitted
3004,female,F,rejected
3005,male,B,rejected
3006,female,B,admitted
3007,female,A,admitted
3008,female,F,rejected
3009,male,A,rejected
3010,male,A,admitted
3011,female,D,admitted
3012,male,A,admitted
3013,female,D,rejected
3014,male,A,rejected
3015,female,F,rejected
3016,female,F,rejected
3017,male,D,rejected
3018,male,A,admitted
3019,male,F,rejected
3020,female,F,rejected
3021,male,B,rejected
3022,male,D,rejected
3023,male,F,rejected
3024,male,A,admitted
